{
  "builtBy": "meteor/16",
  "unibuildDependencies": {
    "os.json": {
      "files": {
        "/C/projects/buzzar1/buzzar1/meteor-app/packages/bz-page-map/package.js": "597daebdd3ae174d65cc6ce02b60f32a7e7ba5a6",
        "/C/projects/buzzar1/buzzar1/meteor-app/packages/bz-main/package.js": "08b0616172c2bddc0e1346d352e2aca31e44b808"
      },
      "directories": []
    },
    "web.browser.json": {
      "files": {
        "/C/projects/buzzar1/buzzar1/meteor-app/packages/bz-page-map/package.js": "597daebdd3ae174d65cc6ce02b60f32a7e7ba5a6",
        "/C/projects/buzzar1/buzzar1/meteor-app/packages/bz-main/package.js": "08b0616172c2bddc0e1346d352e2aca31e44b808",
        "/C/projects/buzzar1/buzzar1/meteor-app/packages/bz-page-map/client/package-map.less": "3483d1b726bbcb0c3f349a1c13f90f7a34c165be",
        "/C/projects/buzzar1/buzzar1/meteor-app/packages/bz-page-map/client/router.js": "6559af0fe96aa6714eb802eb1fb5cd579cd1aa31",
        "/C/projects/buzzar1/buzzar1/meteor-app/packages/bz-page-map/client/controller.js": "3d7476804716fc942c69a2a034fed0730cd3b416",
        "/C/projects/buzzar1/buzzar1/meteor-app/packages/bz-page-map/client/browser/google-map.less": "5b71acb49bcc0b4bb7d4426a8b29ce1fd59488c1",
        "/C/projects/buzzar1/buzzar1/meteor-app/packages/bz-page-map/client/browser/google-map.html": "77006a17dccdb8ef591b129bd68dfabf1954dedf",
        "/C/projects/buzzar1/buzzar1/meteor-app/packages/bz-page-map/client/browser/google-map.js": "2019c1ca15eb46457e59d95b20583329e0fc83d8",
        "/C/projects/buzzar1/buzzar1/meteor-app/packages/bz-page-map/client/browser/page-map.less": "da39a3ee5e6b4b0d3255bfef95601890afd80709",
        "/C/projects/buzzar1/buzzar1/meteor-app/packages/bz-page-map/client/browser/page-map.html": "17d7831011b895c852a9133e264b1b05d3671653",
        "/C/projects/buzzar1/buzzar1/meteor-app/packages/bz-page-map/client/browser/page-map.js": "b64bbfa7271548fc7fa0398cc6b5de658c587727"
      },
      "directories": []
    },
    "web.cordova.json": {
      "files": {
        "/C/projects/buzzar1/buzzar1/meteor-app/packages/bz-page-map/package.js": "597daebdd3ae174d65cc6ce02b60f32a7e7ba5a6",
        "/C/projects/buzzar1/buzzar1/meteor-app/packages/bz-main/package.js": "08b0616172c2bddc0e1346d352e2aca31e44b808",
        "/C/projects/buzzar1/buzzar1/meteor-app/packages/bz-page-map/client/package-map.less": "3483d1b726bbcb0c3f349a1c13f90f7a34c165be",
        "/C/projects/buzzar1/buzzar1/meteor-app/packages/bz-page-map/client/router.js": "6559af0fe96aa6714eb802eb1fb5cd579cd1aa31",
        "/C/projects/buzzar1/buzzar1/meteor-app/packages/bz-page-map/client/controller.js": "3d7476804716fc942c69a2a034fed0730cd3b416"
      },
      "directories": []
    }
  },
  "pluginDependencies": {
    "files": {
      "/C/projects/buzzar1/buzzar1/meteor-app/packages/bz-page-map/package.js": "597daebdd3ae174d65cc6ce02b60f32a7e7ba5a6"
    },
    "directories": []
  },
  "pluginProviderPackageMap": {
    "arutune:bz-page-map": {
      "kind": "local",
      "sourceRoot": "/C/projects/buzzar1/buzzar1/meteor-app/packages/bz-page-map"
    },
    "meteor": {
      "kind": "versioned",
      "version": "1.1.6"
    },
    "iron:router": {
      "kind": "versioned",
      "version": "1.0.9"
    },
    "iron:layout": {
      "kind": "versioned",
      "version": "1.0.8"
    },
    "arutune:bz-main": {
      "kind": "local",
      "sourceRoot": "/C/projects/buzzar1/buzzar1/meteor-app/packages/bz-main"
    },
    "iron:core": {
      "kind": "versioned",
      "version": "1.0.8"
    },
    "iron:dynamic-template": {
      "kind": "versioned",
      "version": "1.0.8"
    },
    "templating": {
      "kind": "versioned",
      "version": "1.1.1"
    },
    "less": {
      "kind": "versioned",
      "version": "1.0.14"
    }
  },
  "includeCordovaUnibuild": true
}