{
  "format": "unipackage-unibuild-pre1",
  "packageVariables": [],
  "uses": [
    {
      "package": "meteor"
    },
    {
      "package": "iron:router"
    },
    {
      "package": "iron:layout"
    },
    {
      "package": "templating",
      "constraint": "1.1.1"
    },
    {
      "package": "less",
      "constraint": "1.0.14"
    },
    {
      "package": "arutune:bz-main"
    }
  ],
  "resources": [
    {
      "type": "css",
      "file": "web.cordova/packages/arutune_bz-page-map/client/package-map.less.css",
      "length": 9392,
      "offset": 0,
      "servePath": "/packages/arutune_bz-page-map/client/package-map.less.css"
    },
    {
      "type": "prelink",
      "file": "web.cordova/packages/arutune_bz-page-map.js",
      "length": 4574,
      "offset": 0,
      "servePath": "/packages/arutune_bz-page-map.js",
      "sourceMap": "web.cordova/packages/arutune_bz-page-map.js.map"
    }
  ]
}