{
  "builtBy": "meteor/16",
  "unibuildDependencies": {
    "os.json": {
      "files": {
        "/C/projects/buzzar1/buzzar1/meteor-app/packages/bz-api/package.js": "a28f6d31ff025f630e640bd88f1cf9468f6e88f8",
        "/C/projects/buzzar1/buzzar1/meteor-app/packages/bz-api/shared/lib/01_inits/01_init.js": "f6de660014ac905f777fb7ccb3e0e3a5d3794c32",
        "/C/projects/buzzar1/buzzar1/meteor-app/packages/bz-api/shared/lib/01_inits/02_helpers.js": "fd9cc9cad6b29ad4b3a2279b6d0552ec2fe52e58",
        "/C/projects/buzzar1/buzzar1/meteor-app/packages/bz-api/shared/lib/01_inits/03_extends.js": "8752ef7fdaad3b516be42fdf99f2034903533910",
        "/C/projects/buzzar1/buzzar1/meteor-app/packages/bz-api/shared/lib/02_business/posts.js": "70cf67003721cd9c7b3d709dfd0c8df6d7982788",
        "/C/projects/buzzar1/buzzar1/meteor-app/packages/bz-api/server/lib/config.js": "ab47fe9c7195b96f5cf6fe452fe4de3087ea57be"
      },
      "directories": []
    },
    "web.browser.json": {
      "files": {
        "/C/projects/buzzar1/buzzar1/meteor-app/packages/bz-api/package.js": "a28f6d31ff025f630e640bd88f1cf9468f6e88f8",
        "/C/projects/buzzar1/buzzar1/meteor-app/packages/bz-api/shared/lib/01_inits/01_init.js": "f6de660014ac905f777fb7ccb3e0e3a5d3794c32",
        "/C/projects/buzzar1/buzzar1/meteor-app/packages/bz-api/shared/lib/01_inits/02_helpers.js": "fd9cc9cad6b29ad4b3a2279b6d0552ec2fe52e58",
        "/C/projects/buzzar1/buzzar1/meteor-app/packages/bz-api/shared/lib/01_inits/03_extends.js": "8752ef7fdaad3b516be42fdf99f2034903533910",
        "/C/projects/buzzar1/buzzar1/meteor-app/packages/bz-api/shared/lib/02_business/posts.js": "70cf67003721cd9c7b3d709dfd0c8df6d7982788",
        "/C/projects/buzzar1/buzzar1/meteor-app/packages/bz-api/client/lib/01_inits/accounts.js": "62a17a2bf246a341770d33d7438d05139f06ccf2",
        "/C/projects/buzzar1/buzzar1/meteor-app/packages/bz-api/client/lib/01_inits/location.js": "e4d74b53bc69a6517f7d2c66f88b628dc1fe2908",
        "/C/projects/buzzar1/buzzar1/meteor-app/packages/bz-api/client/lib/01_inits/fb.js": "a2d7be4ad3a8c3dcec6863dcd8894c109962ab1a",
        "/C/projects/buzzar1/buzzar1/meteor-app/packages/bz-api/client/lib/01_inits/maps.js": "515724a1ba5edbfb14d9f15039900b5940a94485",
        "/C/projects/buzzar1/buzzar1/meteor-app/packages/bz-api/client/lib/01_inits/t9.js": "2bd80acfa1e9d6791cc7fddb10abdc8cefdd55ae",
        "/C/projects/buzzar1/buzzar1/meteor-app/packages/bz-api/client/lib/01_inits/template-helpers.js": "7cb2b16bdb26c0aafbdda5128964c20961aee091",
        "/C/projects/buzzar1/buzzar1/meteor-app/packages/bz-api/client/lib/rates/jquery.raty.js": "72524aaf859d9fc9ec368940d3161c35c09dae9d",
        "/C/projects/buzzar1/buzzar1/meteor-app/packages/bz-api/client/lib/animate/animate.css": "955be5644b53c3d20ad7a6993d361a77b2f05d9e",
        "/C/projects/buzzar1/buzzar1/meteor-app/packages/bz-api/client/lib/rates/jquery.raty.css": "9e92ea5fdc240f4733233544f72689f8949ade9c"
      },
      "directories": []
    },
    "web.cordova.json": {
      "files": {
        "/C/projects/buzzar1/buzzar1/meteor-app/packages/bz-api/package.js": "a28f6d31ff025f630e640bd88f1cf9468f6e88f8",
        "/C/projects/buzzar1/buzzar1/meteor-app/packages/bz-api/shared/lib/01_inits/01_init.js": "f6de660014ac905f777fb7ccb3e0e3a5d3794c32",
        "/C/projects/buzzar1/buzzar1/meteor-app/packages/bz-api/shared/lib/01_inits/02_helpers.js": "fd9cc9cad6b29ad4b3a2279b6d0552ec2fe52e58",
        "/C/projects/buzzar1/buzzar1/meteor-app/packages/bz-api/shared/lib/01_inits/03_extends.js": "8752ef7fdaad3b516be42fdf99f2034903533910",
        "/C/projects/buzzar1/buzzar1/meteor-app/packages/bz-api/shared/lib/02_business/posts.js": "70cf67003721cd9c7b3d709dfd0c8df6d7982788",
        "/C/projects/buzzar1/buzzar1/meteor-app/packages/bz-api/client/lib/01_inits/accounts.js": "62a17a2bf246a341770d33d7438d05139f06ccf2",
        "/C/projects/buzzar1/buzzar1/meteor-app/packages/bz-api/client/lib/01_inits/location.js": "e4d74b53bc69a6517f7d2c66f88b628dc1fe2908",
        "/C/projects/buzzar1/buzzar1/meteor-app/packages/bz-api/client/lib/01_inits/fb.js": "a2d7be4ad3a8c3dcec6863dcd8894c109962ab1a",
        "/C/projects/buzzar1/buzzar1/meteor-app/packages/bz-api/client/lib/01_inits/maps.js": "515724a1ba5edbfb14d9f15039900b5940a94485",
        "/C/projects/buzzar1/buzzar1/meteor-app/packages/bz-api/client/lib/01_inits/t9.js": "2bd80acfa1e9d6791cc7fddb10abdc8cefdd55ae",
        "/C/projects/buzzar1/buzzar1/meteor-app/packages/bz-api/client/lib/01_inits/template-helpers.js": "7cb2b16bdb26c0aafbdda5128964c20961aee091",
        "/C/projects/buzzar1/buzzar1/meteor-app/packages/bz-api/client/lib/rates/jquery.raty.js": "72524aaf859d9fc9ec368940d3161c35c09dae9d",
        "/C/projects/buzzar1/buzzar1/meteor-app/packages/bz-api/client/lib/animate/animate.css": "955be5644b53c3d20ad7a6993d361a77b2f05d9e",
        "/C/projects/buzzar1/buzzar1/meteor-app/packages/bz-api/client/lib/rates/jquery.raty.css": "9e92ea5fdc240f4733233544f72689f8949ade9c"
      },
      "directories": []
    }
  },
  "pluginDependencies": {
    "files": {
      "/C/projects/buzzar1/buzzar1/meteor-app/packages/bz-api/package.js": "a28f6d31ff025f630e640bd88f1cf9468f6e88f8"
    },
    "directories": []
  },
  "pluginProviderPackageMap": {
    "arutune:bz-api": {
      "kind": "local",
      "sourceRoot": "/C/projects/buzzar1/buzzar1/meteor-app/packages/bz-api"
    },
    "meteor": {
      "kind": "versioned",
      "version": "1.1.6"
    },
    "iron:router": {
      "kind": "versioned",
      "version": "1.0.9"
    },
    "iron:layout": {
      "kind": "versioned",
      "version": "1.0.8"
    },
    "service-configuration": {
      "kind": "versioned",
      "version": "1.0.4"
    },
    "underscore": {
      "kind": "versioned",
      "version": "1.0.3"
    },
    "session": {
      "kind": "versioned",
      "version": "1.1.0"
    },
    "iron:core": {
      "kind": "versioned",
      "version": "1.0.8"
    },
    "iron:dynamic-template": {
      "kind": "versioned",
      "version": "1.0.8"
    },
    "templating": {
      "kind": "versioned",
      "version": "1.1.1"
    }
  },
  "includeCordovaUnibuild": true
}