{
  "format": "unipackage-unibuild-pre1",
  "packageVariables": [],
  "uses": [
    {
      "package": "meteor"
    },
    {
      "package": "iron:router"
    },
    {
      "package": "iron:layout"
    },
    {
      "package": "service-configuration",
      "constraint": "1.0.4"
    },
    {
      "package": "underscore",
      "constraint": "1.0.3"
    },
    {
      "package": "session",
      "constraint": "1.1.0"
    }
  ],
  "resources": [
    {
      "type": "prelink",
      "file": "os/packages/arutune_bz-api.js",
      "length": 40433,
      "offset": 0,
      "servePath": "/packages/arutune_bz-api.js",
      "sourceMap": "os/packages/arutune_bz-api.js.map"
    }
  ]
}