{
  "format": "unipackage-unibuild-pre1",
  "packageVariables": [
    {
      "name": "geocoder"
    },
    {
      "name": "googleCoordsToNormalCoords"
    }
  ],
  "uses": [
    {
      "package": "meteor"
    },
    {
      "package": "iron:router"
    },
    {
      "package": "iron:layout"
    },
    {
      "package": "underscore",
      "constraint": "1.0.3"
    },
    {
      "package": "session",
      "constraint": "1.1.0"
    },
    {
      "package": "templating",
      "constraint": "1.1.1"
    }
  ],
  "resources": [
    {
      "type": "css",
      "file": "web.cordova/packages/arutune_bz-api/client/lib/animate/animate.css",
      "length": 70808,
      "offset": 0,
      "servePath": "/packages/arutune_bz-api/client/lib/animate/animate.css"
    },
    {
      "type": "css",
      "file": "web.cordova/packages/arutune_bz-api/client/lib/rates/jquery.raty.css",
      "length": 968,
      "offset": 0,
      "servePath": "/packages/arutune_bz-api/client/lib/rates/jquery.raty.css"
    },
    {
      "type": "prelink",
      "file": "web.cordova/packages/arutune_bz-api.js",
      "length": 169555,
      "offset": 0,
      "servePath": "/packages/arutune_bz-api.js",
      "sourceMap": "web.cordova/packages/arutune_bz-api.js.map"
    }
  ]
}