{
  "builtBy": "meteor/16",
  "unibuildDependencies": {
    "os.json": {
      "files": {
        "/C/projects/buzzar1/buzzar1/meteor-app/packages/bz-control-honeycomb/package.js": "55a77c89a51414bd56aec646e6f07a9d1e90839e"
      },
      "directories": []
    },
    "web.browser.json": {
      "files": {
        "/C/projects/buzzar1/buzzar1/meteor-app/packages/bz-control-honeycomb/package.js": "55a77c89a51414bd56aec646e6f07a9d1e90839e",
        "/C/projects/buzzar1/buzzar1/meteor-app/packages/bz-control-honeycomb/client/lib/honeycomb.less": "765f63767282da46faa8afad25c0d4b0906e75e8",
        "/C/projects/buzzar1/buzzar1/meteor-app/packages/bz-control-honeycomb/client/lib/honeycomb.js": "4bb5bd41696d78158e157c4f87f6e782ad4987d5",
        "/C/projects/buzzar1/buzzar1/meteor-app/packages/bz-control-honeycomb/client/router.js": "714c80ab9a6f7170f34dffc42be11b6b06b05b12",
        "/C/projects/buzzar1/buzzar1/meteor-app/packages/bz-control-honeycomb/client/controller.js": "deef12c31654357fbe974a52476497f00f51fcbd",
        "/C/projects/buzzar1/buzzar1/meteor-app/packages/bz-control-honeycomb/client/models.js": "714c80ab9a6f7170f34dffc42be11b6b06b05b12",
        "/C/projects/buzzar1/buzzar1/meteor-app/packages/bz-control-honeycomb/client/browser/app.js": "72b580fe880557b934a7fe9b8242e95f11fda8b7",
        "/C/projects/buzzar1/buzzar1/meteor-app/packages/bz-control-honeycomb/user.ng.html": "ca3c43b9ceabbcbe25824b6b2f719fc3b67b6a32",
        "/C/projects/buzzar1/buzzar1/meteor-app/packages/bz-control-honeycomb/client/browser/honeycomb.less": "25644bfe86e2714cd600b56bcd3fa080ba97bda1",
        "/C/projects/buzzar1/buzzar1/meteor-app/packages/bz-control-honeycomb/client/browser/honeycomb.html": "a585b93a0ad2da46d7b6e5499b3c1cb7ba7644aa",
        "/C/projects/buzzar1/buzzar1/meteor-app/packages/bz-control-honeycomb/client/browser/honeycomb.js": "16d3b2de37ae878781a9d7f717ee594d9ede363d"
      },
      "directories": []
    },
    "web.cordova.json": {
      "files": {
        "/C/projects/buzzar1/buzzar1/meteor-app/packages/bz-control-honeycomb/package.js": "55a77c89a51414bd56aec646e6f07a9d1e90839e",
        "/C/projects/buzzar1/buzzar1/meteor-app/packages/bz-control-honeycomb/client/lib/honeycomb.less": "765f63767282da46faa8afad25c0d4b0906e75e8",
        "/C/projects/buzzar1/buzzar1/meteor-app/packages/bz-control-honeycomb/client/lib/honeycomb.js": "4bb5bd41696d78158e157c4f87f6e782ad4987d5",
        "/C/projects/buzzar1/buzzar1/meteor-app/packages/bz-control-honeycomb/client/router.js": "714c80ab9a6f7170f34dffc42be11b6b06b05b12",
        "/C/projects/buzzar1/buzzar1/meteor-app/packages/bz-control-honeycomb/client/controller.js": "deef12c31654357fbe974a52476497f00f51fcbd",
        "/C/projects/buzzar1/buzzar1/meteor-app/packages/bz-control-honeycomb/client/models.js": "714c80ab9a6f7170f34dffc42be11b6b06b05b12",
        "/C/projects/buzzar1/buzzar1/meteor-app/packages/bz-control-honeycomb/client/browser/app.js": "72b580fe880557b934a7fe9b8242e95f11fda8b7",
        "/C/projects/buzzar1/buzzar1/meteor-app/packages/bz-control-honeycomb/user.ng.html": "ca3c43b9ceabbcbe25824b6b2f719fc3b67b6a32",
        "/C/projects/buzzar1/buzzar1/meteor-app/packages/bz-control-honeycomb/client/browser/honeycomb.less": "25644bfe86e2714cd600b56bcd3fa080ba97bda1",
        "/C/projects/buzzar1/buzzar1/meteor-app/packages/bz-control-honeycomb/client/browser/honeycomb.html": "a585b93a0ad2da46d7b6e5499b3c1cb7ba7644aa",
        "/C/projects/buzzar1/buzzar1/meteor-app/packages/bz-control-honeycomb/client/browser/honeycomb.js": "16d3b2de37ae878781a9d7f717ee594d9ede363d"
      },
      "directories": []
    }
  },
  "pluginDependencies": {
    "files": {
      "/C/projects/buzzar1/buzzar1/meteor-app/packages/bz-control-honeycomb/package.js": "55a77c89a51414bd56aec646e6f07a9d1e90839e"
    },
    "directories": []
  },
  "pluginProviderPackageMap": {
    "arutune:bz-control-honeycomb": {
      "kind": "local",
      "sourceRoot": "/C/projects/buzzar1/buzzar1/meteor-app/packages/bz-control-honeycomb"
    },
    "meteor": {
      "kind": "versioned",
      "version": "1.1.6"
    },
    "templating": {
      "kind": "versioned",
      "version": "1.1.1"
    },
    "less": {
      "kind": "versioned",
      "version": "1.0.14"
    },
    "angular": {
      "kind": "versioned",
      "version": "1.0.3"
    }
  },
  "includeCordovaUnibuild": true
}