{
  "format": "unipackage-unibuild-pre1",
  "packageVariables": [
    {
      "name": "honeycomb"
    },
    {
      "name": "pageData"
    },
    {
      "name": "initHoneyComb"
    }
  ],
  "uses": [
    {
      "package": "meteor"
    },
    {
      "package": "templating",
      "constraint": "1.1.1"
    },
    {
      "package": "less",
      "constraint": "1.0.14"
    },
    {
      "package": "angular"
    }
  ],
  "resources": [
    {
      "type": "css",
      "file": "web.browser/packages/arutune_bz-control-honeycomb/client/lib/honeycomb.less.css",
      "length": 5047,
      "offset": 0,
      "servePath": "/packages/arutune_bz-control-honeycomb/client/lib/honeycomb.less.css"
    },
    {
      "type": "css",
      "file": "web.browser/packages/arutune_bz-control-honeycomb/client/browser/honeycomb.less.css",
      "length": 2151,
      "offset": 0,
      "servePath": "/packages/arutune_bz-control-honeycomb/client/browser/honeycomb.less.css"
    },
    {
      "type": "prelink",
      "file": "web.browser/packages/arutune_bz-control-honeycomb.js",
      "length": 97899,
      "offset": 0,
      "servePath": "/packages/arutune_bz-control-honeycomb.js",
      "sourceMap": "web.browser/packages/arutune_bz-control-honeycomb.js.map"
    }
  ]
}