{
  "builtBy": "meteor/16",
  "unibuildDependencies": {
    "os.json": {
      "files": {
        "/C/projects/buzzar1/buzzar1/meteor-app/packages/bz-main/package.js": "08b0616172c2bddc0e1346d352e2aca31e44b808",
        "/C/projects/buzzar1/buzzar1/meteor-app/packages/bz-api/package.js": "a28f6d31ff025f630e640bd88f1cf9468f6e88f8"
      },
      "directories": []
    },
    "web.browser.json": {
      "files": {
        "/C/projects/buzzar1/buzzar1/meteor-app/packages/bz-main/package.js": "08b0616172c2bddc0e1346d352e2aca31e44b808",
        "/C/projects/buzzar1/buzzar1/meteor-app/packages/bz-api/package.js": "a28f6d31ff025f630e640bd88f1cf9468f6e88f8",
        "/C/projects/buzzar1/buzzar1/meteor-app/packages/bz-main/client/browser/style/foundation/js/vendor/modernizr.js": "b4ab8594b497e112710d825e16785a8e69ce847b",
        "/C/projects/buzzar1/buzzar1/meteor-app/packages/bz-main/client/browser/style/foundation/js/foundation.js": "02efbb67735f59d1781aea3526968084b153e655",
        "/C/projects/buzzar1/buzzar1/meteor-app/packages/bz-main/client/browser/style/foundation/js/foundation-select.js": "532125c559428777cc79096549cada944127f990",
        "/C/projects/buzzar1/buzzar1/meteor-app/packages/bz-main/client/browser/style/foundation/js/foundation/foundation.clearing.js": "7c19694b6aecf2fc344192b00d893dc73f993eb8",
        "/C/projects/buzzar1/buzzar1/meteor-app/packages/bz-main/client/browser/style/foundation/js/foundation/foundation.tooltip.js": "a888c5f375d13bce5f14045d09d10c75a2abb2ae",
        "/C/projects/buzzar1/buzzar1/meteor-app/packages/bz-main/client/browser/style/foundation/js/foundation/foundation.dropdown.js": "225907992945d6a420e70b117d365e0135766200",
        "/C/projects/buzzar1/buzzar1/meteor-app/packages/bz-main/client/browser/style/foundation/js/foundation/foundation.tab.js": "b0ae9a117199b1c112296524e6bded925f3defb4",
        "/C/projects/buzzar1/buzzar1/meteor-app/packages/bz-main/client/browser/style/foundation/js/foundation/foundation.offcanvas.js": "d976b70951ba1bada3ab9a67c0d64f3a5903a6c1",
        "/C/projects/buzzar1/buzzar1/meteor-app/packages/bz-main/client/browser/style/foundation/js/foundation/foundation.abide.js": "22f005ef4f015b01aaf59ade96f71597db7c6b2f",
        "/C/projects/buzzar1/buzzar1/meteor-app/packages/bz-main/client/controller.js": "a2571585d927f7091004164d1171eb6373427370",
        "/C/projects/buzzar1/buzzar1/meteor-app/packages/bz-main/client/browser/style/foundation/foundation-select.css": "4abb10395aa762973897a99278bae72c30aee47c",
        "/C/projects/buzzar1/buzzar1/meteor-app/packages/bz-main/client/browser/style/foundation-main.scss": "5096f4195023be623c421349b9a6f0d6c68a279b",
        "/C/projects/buzzar1/buzzar1/meteor-app/packages/bz-main/client/browser/style/foundation-custom-settings.scss": "dd83c3ad2308de0ef2358e5b59b731891c206708",
        "/C/projects/buzzar1/buzzar1/meteor-app/packages/bz-main/client/browser/style/_buttons.scss": "e62f250e2176e0d3a0f06452ff6c965b32e14fcb",
        "/C/projects/buzzar1/buzzar1/meteor-app/packages/bz-main/client/browser/main-layout.html": "559d22e108247670a21e173c870b1b8a48cf4cb2",
        "/C/projects/buzzar1/buzzar1/meteor-app/packages/bz-main/client/browser/main-layout.js": "08862694fd60f0f29be7b4df4fb4e1bc8fc64636",
        "/C/projects/buzzar1/buzzar1/meteor-app/packages/bz-main/client/browser/main-layout.less": "304e05e78358c7c39e441ea0db0e5614dafc0fb1",
        "/C/projects/buzzar1/buzzar1/meteor-app/packages/bz-main/client/router.js": "0df9f57609998fa73cee375d536d368cc9f046b5",
        "/C/projects/buzzar1/buzzar1/meteor-app/packages/bz-main/client/app-loading.html": "2f05479a394728201bf8051092d65213012e618f"
      },
      "directories": []
    },
    "web.cordova.json": {
      "files": {
        "/C/projects/buzzar1/buzzar1/meteor-app/packages/bz-main/package.js": "08b0616172c2bddc0e1346d352e2aca31e44b808",
        "/C/projects/buzzar1/buzzar1/meteor-app/packages/bz-api/package.js": "a28f6d31ff025f630e640bd88f1cf9468f6e88f8",
        "/C/projects/buzzar1/buzzar1/meteor-app/packages/bz-main/client/cordova/main-layout.html": "32ea6f754d190b9c921dadc4a23c6179cbce6c95",
        "/C/projects/buzzar1/buzzar1/meteor-app/packages/bz-main/client/cordova/main-layout.js": "112882f87617f61de740e1bab21c6ad3067ba56d",
        "/C/projects/buzzar1/buzzar1/meteor-app/packages/bz-main/client/cordova/style/app-ionic.less": "1315617bbfaa671caab7d1459b07c19d7b972481",
        "/C/projects/buzzar1/buzzar1/meteor-app/packages/bz-main/client/cordova/main-layout.less": "9307d8f10a02cb5b407daf78a08f8b829bef438b",
        "/C/projects/buzzar1/buzzar1/meteor-app/packages/bz-main/client/cordova/style/app.scss": "594f036d8e7cdb45a815f0b52625395f5d584f1f",
        "/C/projects/buzzar1/buzzar1/meteor-app/packages/bz-main/client/router.js": "0df9f57609998fa73cee375d536d368cc9f046b5",
        "/C/projects/buzzar1/buzzar1/meteor-app/packages/bz-main/client/app-loading.html": "2f05479a394728201bf8051092d65213012e618f"
      },
      "directories": []
    }
  },
  "pluginDependencies": {
    "files": {
      "/C/projects/buzzar1/buzzar1/meteor-app/packages/bz-main/package.js": "08b0616172c2bddc0e1346d352e2aca31e44b808"
    },
    "directories": []
  },
  "pluginProviderPackageMap": {
    "arutune:bz-main": {
      "kind": "local",
      "sourceRoot": "/C/projects/buzzar1/buzzar1/meteor-app/packages/bz-main"
    },
    "meteor": {
      "kind": "versioned",
      "version": "1.1.6"
    },
    "iron:router": {
      "kind": "versioned",
      "version": "1.0.9"
    },
    "iron:layout": {
      "kind": "versioned",
      "version": "1.0.8"
    },
    "fourseven:scss": {
      "kind": "versioned",
      "version": "2.1.1"
    },
    "arutune:bz-api": {
      "kind": "local",
      "sourceRoot": "/C/projects/buzzar1/buzzar1/meteor-app/packages/bz-api"
    },
    "iron:core": {
      "kind": "versioned",
      "version": "1.0.8"
    },
    "iron:dynamic-template": {
      "kind": "versioned",
      "version": "1.0.8"
    },
    "templating": {
      "kind": "versioned",
      "version": "1.1.1"
    },
    "less": {
      "kind": "versioned",
      "version": "1.0.14"
    },
    "meteoric:ionic": {
      "kind": "versioned",
      "version": "0.1.17"
    },
    "meteoric:ionic-sass": {
      "kind": "versioned",
      "version": "0.1.9"
    },
    "meteoric:ionicons-sass": {
      "kind": "versioned",
      "version": "0.1.6"
    },
    "meteoric:autoform-ionic": {
      "kind": "versioned",
      "version": "0.1.5"
    },
    "fortawesome:fontawesome": {
      "kind": "versioned",
      "version": "4.4.0"
    }
  },
  "includeCordovaUnibuild": true
}