{
  "format": "unipackage-unibuild-pre1",
  "packageVariables": [],
  "uses": [
    {
      "package": "meteor"
    },
    {
      "package": "iron:router"
    },
    {
      "package": "iron:layout"
    },
    {
      "package": "templating",
      "constraint": "1.1.1"
    },
    {
      "package": "less",
      "constraint": "1.0.14"
    },
    {
      "package": "fourseven:scss"
    },
    {
      "package": "arutune:bz-api"
    },
    {
      "package": "meteoric:ionic"
    },
    {
      "package": "meteoric:ionic-sass"
    },
    {
      "package": "meteoric:ionicons-sass"
    },
    {
      "package": "meteoric:autoform-ionic"
    },
    {
      "package": "fortawesome:fontawesome"
    }
  ],
  "resources": [
    {
      "type": "css",
      "file": "web.cordova/packages/arutune_bz-main/client/cordova/style/app-ionic.less.css",
      "length": 1577,
      "offset": 0,
      "servePath": "/packages/arutune_bz-main/client/cordova/style/app-ionic.less.css"
    },
    {
      "type": "css",
      "file": "web.cordova/packages/arutune_bz-main/client/cordova/main-layout.less.css",
      "length": 1850,
      "offset": 0,
      "servePath": "/packages/arutune_bz-main/client/cordova/main-layout.less.css"
    },
    {
      "type": "css",
      "file": "web.cordova/packages/arutune_bz-main/client/cordova/style/app.scss.css",
      "length": 809323,
      "offset": 0,
      "servePath": "/packages/arutune_bz-main/client/cordova/style/app.scss.css"
    },
    {
      "type": "prelink",
      "file": "web.cordova/packages/arutune_bz-main.js",
      "length": 18140,
      "offset": 0,
      "servePath": "/packages/arutune_bz-main.js",
      "sourceMap": "web.cordova/packages/arutune_bz-main.js.map"
    }
  ]
}