{
  "format": "unipackage-unibuild-pre1",
  "packageVariables": [
    {
      "name": "selectPrompt"
    },
    {
      "name": "selected"
    },
    {
      "name": "translateClasses"
    },
    {
      "name": "select"
    },
    {
      "name": "selectId"
    },
    {
      "name": "multiple"
    },
    {
      "name": "options"
    },
    {
      "name": "newButton"
    },
    {
      "name": "dropdown"
    },
    {
      "name": "text"
    },
    {
      "name": "value"
    },
    {
      "name": "totalOptions"
    },
    {
      "name": "origDropdown"
    },
    {
      "name": "prompt"
    },
    {
      "name": "selectedOptions"
    },
    {
      "name": "selectedTitles"
    },
    {
      "name": "loggedInUserLazyLoad"
    }
  ],
  "uses": [
    {
      "package": "meteor"
    },
    {
      "package": "iron:router"
    },
    {
      "package": "iron:layout"
    },
    {
      "package": "templating",
      "constraint": "1.1.1"
    },
    {
      "package": "less",
      "constraint": "1.0.14"
    },
    {
      "package": "fourseven:scss"
    },
    {
      "package": "arutune:bz-api"
    }
  ],
  "resources": [
    {
      "type": "css",
      "file": "web.browser/packages/arutune_bz-main/client/browser/style/foundation/foundation-select.css",
      "length": 1755,
      "offset": 0,
      "servePath": "/packages/arutune_bz-main/client/browser/style/foundation/foundation-select.css"
    },
    {
      "type": "css",
      "file": "web.browser/packages/arutune_bz-main/client/browser/style/foundation-main.scss.css",
      "length": 865933,
      "offset": 0,
      "servePath": "/packages/arutune_bz-main/client/browser/style/foundation-main.scss.css"
    },
    {
      "type": "css",
      "file": "web.browser/packages/arutune_bz-main/client/browser/style/foundation-custom-settings.scss.css",
      "length": 143099,
      "offset": 0,
      "servePath": "/packages/arutune_bz-main/client/browser/style/foundation-custom-settings.scss.css"
    },
    {
      "type": "css",
      "file": "web.browser/packages/arutune_bz-main/client/browser/main-layout.less.css",
      "length": 2013,
      "offset": 0,
      "servePath": "/packages/arutune_bz-main/client/browser/main-layout.less.css"
    },
    {
      "type": "prelink",
      "file": "web.browser/packages/arutune_bz-main.js",
      "length": 1196439,
      "offset": 0,
      "servePath": "/packages/arutune_bz-main.js",
      "sourceMap": "web.browser/packages/arutune_bz-main.js.map"
    }
  ]
}