{
  "builtBy": "meteor/16",
  "unibuildDependencies": {
    "os.json": {
      "files": {
        "/C/projects/buzzar1/buzzar1/meteor-app/packages/bz-page-landing/package.js": "1d9389fcb640b150532ed07500cfc83d7e0b68d5"
      },
      "directories": []
    },
    "web.browser.json": {
      "files": {
        "/C/projects/buzzar1/buzzar1/meteor-app/packages/bz-page-landing/package.js": "1d9389fcb640b150532ed07500cfc83d7e0b68d5",
        "/C/projects/buzzar1/buzzar1/meteor-app/packages/bz-page-landing/client/router.js": "fe0803446025884c94b241efcab1fabcae24b746",
        "/C/projects/buzzar1/buzzar1/meteor-app/packages/bz-page-landing/client/browser/about-us.html": "21c641b137f8645bc3403b370021f352aad906c3",
        "/C/projects/buzzar1/buzzar1/meteor-app/packages/bz-page-landing/client/browser/page-about-us.html": "f867c69b88da2e69d07e92f68e3a24cff5dc0529",
        "/C/projects/buzzar1/buzzar1/meteor-app/packages/bz-page-landing/client/browser/page-contact-us.html": "758329f6a3e25a3fa5ec44d0b50aaa1a49b130e3",
        "/C/projects/buzzar1/buzzar1/meteor-app/packages/bz-page-landing/client/browser/page-contact-us.js": "3f80923e874a27e8203064a51f843d3ed74de8b8"
      },
      "directories": []
    },
    "web.cordova.json": {
      "files": {
        "/C/projects/buzzar1/buzzar1/meteor-app/packages/bz-page-landing/package.js": "1d9389fcb640b150532ed07500cfc83d7e0b68d5",
        "/C/projects/buzzar1/buzzar1/meteor-app/packages/bz-page-landing/client/router.js": "fe0803446025884c94b241efcab1fabcae24b746"
      },
      "directories": []
    }
  },
  "pluginDependencies": {
    "files": {
      "/C/projects/buzzar1/buzzar1/meteor-app/packages/bz-page-landing/package.js": "1d9389fcb640b150532ed07500cfc83d7e0b68d5"
    },
    "directories": []
  },
  "pluginProviderPackageMap": {
    "arutune:bz-page-landing": {
      "kind": "local",
      "sourceRoot": "/C/projects/buzzar1/buzzar1/meteor-app/packages/bz-page-landing"
    },
    "meteor": {
      "kind": "versioned",
      "version": "1.1.6"
    },
    "iron:router": {
      "kind": "versioned",
      "version": "1.0.9"
    },
    "iron:layout": {
      "kind": "versioned",
      "version": "1.0.8"
    },
    "iron:core": {
      "kind": "versioned",
      "version": "1.0.8"
    },
    "iron:dynamic-template": {
      "kind": "versioned",
      "version": "1.0.8"
    },
    "templating": {
      "kind": "versioned",
      "version": "1.1.1"
    }
  },
  "includeCordovaUnibuild": true
}