{
  "format": "unipackage-unibuild-pre1",
  "packageVariables": [],
  "uses": [
    {
      "package": "meteor"
    },
    {
      "package": "iron:router"
    },
    {
      "package": "iron:layout"
    },
    {
      "package": "templating",
      "constraint": "1.1.1"
    }
  ],
  "resources": [
    {
      "type": "prelink",
      "file": "web.browser/packages/arutune_bz-page-landing.js",
      "length": 10921,
      "offset": 0,
      "servePath": "/packages/arutune_bz-page-landing.js",
      "sourceMap": "web.browser/packages/arutune_bz-page-landing.js.map"
    }
  ]
}