{
  "builtBy": "meteor/16",
  "unibuildDependencies": {
    "os.json": {
      "files": {
        "/C/projects/buzzar1/buzzar1/meteor-app/packages/bz-page-home/package.js": "ef8ae01d3c2ff8f7b25cf82207ebebdd88ea80be",
        "/C/projects/buzzar1/buzzar1/meteor-app/packages/bz-main/package.js": "08b0616172c2bddc0e1346d352e2aca31e44b808",
        "/C/projects/buzzar1/buzzar1/meteor-app/packages/bz-page-search/package.js": "234bfd20eba16a74ba9f313c6dd6d70943d15fcb"
      },
      "directories": []
    },
    "web.browser.json": {
      "files": {
        "/C/projects/buzzar1/buzzar1/meteor-app/packages/bz-page-home/package.js": "ef8ae01d3c2ff8f7b25cf82207ebebdd88ea80be",
        "/C/projects/buzzar1/buzzar1/meteor-app/packages/bz-main/package.js": "08b0616172c2bddc0e1346d352e2aca31e44b808",
        "/C/projects/buzzar1/buzzar1/meteor-app/packages/bz-page-search/package.js": "234bfd20eba16a74ba9f313c6dd6d70943d15fcb",
        "/C/projects/buzzar1/buzzar1/meteor-app/packages/bz-page-home/client/router.js": "8ea5aa00db4ef24747c8e19dd6e1e38284156b59",
        "/C/projects/buzzar1/buzzar1/meteor-app/packages/bz-page-home/client/controller.js": "160df3cb92cc1c2a64811b21d7e51eb3af62e7d3",
        "/C/projects/buzzar1/buzzar1/meteor-app/packages/bz-page-home/client/browser/around-you.html": "f94b2da277d91f5dc6cd205d4c4f6fdbb0899c98",
        "/C/projects/buzzar1/buzzar1/meteor-app/packages/bz-page-home/client/browser/around-you.js": "ed0dd07ad2ccdc46fc504dc71344c342802e398f",
        "/C/projects/buzzar1/buzzar1/meteor-app/packages/bz-page-home/client/browser/around-you.less": "965952e3952fb61a5657f93377bf25f33580a5aa",
        "/C/projects/buzzar1/buzzar1/meteor-app/packages/bz-page-home/client/browser/page-home.html": "bc18645aca875e6deccff75a201ab257bc1e7694",
        "/C/projects/buzzar1/buzzar1/meteor-app/packages/bz-page-home/client/browser/page-home.js": "c7ee2af3bb7e9940821e54cd7d80e08abaefe552",
        "/C/projects/buzzar1/buzzar1/meteor-app/packages/bz-page-home/client/browser/page-home.less": "fe39dbd05604b5c57e33108138117f5dfa612126"
      },
      "directories": []
    },
    "web.cordova.json": {
      "files": {
        "/C/projects/buzzar1/buzzar1/meteor-app/packages/bz-page-home/package.js": "ef8ae01d3c2ff8f7b25cf82207ebebdd88ea80be",
        "/C/projects/buzzar1/buzzar1/meteor-app/packages/bz-main/package.js": "08b0616172c2bddc0e1346d352e2aca31e44b808",
        "/C/projects/buzzar1/buzzar1/meteor-app/packages/bz-page-search/package.js": "234bfd20eba16a74ba9f313c6dd6d70943d15fcb",
        "/C/projects/buzzar1/buzzar1/meteor-app/packages/bz-page-home/client/router.js": "8ea5aa00db4ef24747c8e19dd6e1e38284156b59",
        "/C/projects/buzzar1/buzzar1/meteor-app/packages/bz-page-home/client/controller.js": "160df3cb92cc1c2a64811b21d7e51eb3af62e7d3",
        "/C/projects/buzzar1/buzzar1/meteor-app/packages/bz-page-home/client/cordova/around-you.html": "f3089241f61a16187f2996b14393873215d32b23",
        "/C/projects/buzzar1/buzzar1/meteor-app/packages/bz-page-home/client/cordova/around-you.js": "a8c32a646c6a083255dfc15ba2e324ad9a388019",
        "/C/projects/buzzar1/buzzar1/meteor-app/packages/bz-page-home/client/cordova/around-you.less": "178cc8ab39981f974d92d122785c6d9f144574eb",
        "/C/projects/buzzar1/buzzar1/meteor-app/packages/bz-page-home/client/cordova/page-home.html": "cfa0c8244c7e1f34c223b9c12cd0e0a101552667",
        "/C/projects/buzzar1/buzzar1/meteor-app/packages/bz-page-home/client/cordova/page-home.js": "432fec754856d7fd15874abee7f4f04cf9cc1242"
      },
      "directories": []
    }
  },
  "pluginDependencies": {
    "files": {
      "/C/projects/buzzar1/buzzar1/meteor-app/packages/bz-page-home/package.js": "ef8ae01d3c2ff8f7b25cf82207ebebdd88ea80be"
    },
    "directories": []
  },
  "pluginProviderPackageMap": {
    "arutune:bz-page-home": {
      "kind": "local",
      "sourceRoot": "/C/projects/buzzar1/buzzar1/meteor-app/packages/bz-page-home"
    },
    "meteor": {
      "kind": "versioned",
      "version": "1.1.6"
    },
    "iron:router": {
      "kind": "versioned",
      "version": "1.0.9"
    },
    "iron:layout": {
      "kind": "versioned",
      "version": "1.0.8"
    },
    "sacha:spin": {
      "kind": "versioned",
      "version": "2.0.4"
    },
    "arutune:bz-main": {
      "kind": "local",
      "sourceRoot": "/C/projects/buzzar1/buzzar1/meteor-app/packages/bz-main"
    },
    "arutune:bz-page-search": {
      "kind": "local",
      "sourceRoot": "/C/projects/buzzar1/buzzar1/meteor-app/packages/bz-page-search"
    },
    "iron:core": {
      "kind": "versioned",
      "version": "1.0.8"
    },
    "iron:dynamic-template": {
      "kind": "versioned",
      "version": "1.0.8"
    },
    "templating": {
      "kind": "versioned",
      "version": "1.1.1"
    },
    "less": {
      "kind": "versioned",
      "version": "1.0.14"
    }
  },
  "includeCordovaUnibuild": true
}