{
  "format": "unipackage-unibuild-pre1",
  "packageVariables": [
    {
      "name": "setSearchTextFromQs"
    },
    {
      "name": "setSearchLocationFromQs"
    }
  ],
  "uses": [
    {
      "package": "meteor"
    },
    {
      "package": "iron:router"
    },
    {
      "package": "iron:layout"
    },
    {
      "package": "templating",
      "constraint": "1.1.1"
    },
    {
      "package": "less",
      "constraint": "1.0.14"
    },
    {
      "package": "sacha:spin"
    },
    {
      "package": "arutune:bz-main"
    },
    {
      "package": "arutune:bz-page-search"
    }
  ],
  "resources": [
    {
      "type": "css",
      "file": "web.browser/packages/arutune_bz-page-home/client/browser/around-you.less.css",
      "length": 5317,
      "offset": 0,
      "servePath": "/packages/arutune_bz-page-home/client/browser/around-you.less.css"
    },
    {
      "type": "css",
      "file": "web.browser/packages/arutune_bz-page-home/client/browser/page-home.less.css",
      "length": 12540,
      "offset": 0,
      "servePath": "/packages/arutune_bz-page-home/client/browser/page-home.less.css"
    },
    {
      "type": "prelink",
      "file": "web.browser/packages/arutune_bz-page-home.js",
      "length": 42948,
      "offset": 0,
      "servePath": "/packages/arutune_bz-page-home.js",
      "sourceMap": "web.browser/packages/arutune_bz-page-home.js.map"
    }
  ]
}