{
  "builtBy": "meteor/16",
  "unibuildDependencies": {
    "os.json": {
      "files": {
        "/C/projects/buzzar1/buzzar1/meteor-app/packages/bz-page-search/package.js": "234bfd20eba16a74ba9f313c6dd6d70943d15fcb",
        "/C/projects/buzzar1/buzzar1/meteor-app/packages/bz-main/package.js": "08b0616172c2bddc0e1346d352e2aca31e44b808",
        "/C/projects/buzzar1/buzzar1/meteor-app/packages/bz-page-search/server/model.js": "21bf211ba12b22fb1b770ea4aa5fa68bddc12d08"
      },
      "directories": []
    },
    "web.browser.json": {
      "files": {
        "/C/projects/buzzar1/buzzar1/meteor-app/packages/bz-page-search/package.js": "234bfd20eba16a74ba9f313c6dd6d70943d15fcb",
        "/C/projects/buzzar1/buzzar1/meteor-app/packages/bz-main/package.js": "08b0616172c2bddc0e1346d352e2aca31e44b808",
        "/C/projects/buzzar1/buzzar1/meteor-app/packages/bz-control-common/package.js": "cf1fe98890ef164dffda6a89bed1acdcb56ef11c",
        "/C/projects/buzzar1/buzzar1/meteor-app/packages/bz-page-search/client/router.js": "597b2cb413bc9e3880f60d706e85a33be7247239",
        "/C/projects/buzzar1/buzzar1/meteor-app/packages/bz-page-search/client/model.js": "3024ddc74d00f20565d667a4dd945e20da85a773",
        "/C/projects/buzzar1/buzzar1/meteor-app/packages/bz-page-search/client/controller.js": "613510eec114a3724a51bf193249f479b4fab482",
        "/C/projects/buzzar1/buzzar1/meteor-app/packages/bz-page-search/resources/t9-en.js": "d5c569177cc80b99d6fe4a019183803828ebd6b7",
        "/C/projects/buzzar1/buzzar1/meteor-app/packages/bz-page-search/style/search.less": "9d4cdbd7f9d741110189314417b32a74fc74cc4c",
        "/C/projects/buzzar1/buzzar1/meteor-app/packages/bz-page-search/client/browser/location/choose-location.html": "8a1b9722dcfc6005602e218aff1b7f28efc90ce2",
        "/C/projects/buzzar1/buzzar1/meteor-app/packages/bz-page-search/client/browser/location/choose-location.js": "74caf5f52cebaafde878913b01d889c2cdafe4d6",
        "/C/projects/buzzar1/buzzar1/meteor-app/packages/bz-page-search/client/browser/location/choose-location.less": "15a86cb45d07779f674f90ca6418994b1f30fea9",
        "/C/projects/buzzar1/buzzar1/meteor-app/packages/bz-page-search/client/browser/search-location.html": "29f13e9713d0ecec0b11f7df8ead00bb5d025887",
        "/C/projects/buzzar1/buzzar1/meteor-app/packages/bz-page-search/client/browser/search-location.js": "56778b22104f21679e2729981732c8d641334011",
        "/C/projects/buzzar1/buzzar1/meteor-app/packages/bz-page-search/client/browser/search-location.less": "c1ea649919047999295a901eee4b685b656a945a",
        "/C/projects/buzzar1/buzzar1/meteor-app/packages/bz-page-search/client/browser/search-results.html": "f00757b392b0b3548a46765adec34cd0073f58f0",
        "/C/projects/buzzar1/buzzar1/meteor-app/packages/bz-page-search/client/browser/search-results.js": "511a755269320b32cd0c98650ff8f76022a95c50",
        "/C/projects/buzzar1/buzzar1/meteor-app/packages/bz-page-search/client/browser/search.html": "d62f1d7027666eefac2a5992dc22b4d53ff6fe01",
        "/C/projects/buzzar1/buzzar1/meteor-app/packages/bz-page-search/client/browser/search.js": "a0721935dad5e83e8a277fef94621b77b010a588"
      },
      "directories": []
    },
    "web.cordova.json": {
      "files": {
        "/C/projects/buzzar1/buzzar1/meteor-app/packages/bz-page-search/package.js": "234bfd20eba16a74ba9f313c6dd6d70943d15fcb",
        "/C/projects/buzzar1/buzzar1/meteor-app/packages/bz-main/package.js": "08b0616172c2bddc0e1346d352e2aca31e44b808",
        "/C/projects/buzzar1/buzzar1/meteor-app/packages/bz-control-common/package.js": "cf1fe98890ef164dffda6a89bed1acdcb56ef11c",
        "/C/projects/buzzar1/buzzar1/meteor-app/packages/bz-page-search/client/router.js": "597b2cb413bc9e3880f60d706e85a33be7247239",
        "/C/projects/buzzar1/buzzar1/meteor-app/packages/bz-page-search/client/model.js": "3024ddc74d00f20565d667a4dd945e20da85a773",
        "/C/projects/buzzar1/buzzar1/meteor-app/packages/bz-page-search/client/controller.js": "613510eec114a3724a51bf193249f479b4fab482",
        "/C/projects/buzzar1/buzzar1/meteor-app/packages/bz-page-search/resources/t9-en.js": "d5c569177cc80b99d6fe4a019183803828ebd6b7"
      },
      "directories": []
    }
  },
  "pluginDependencies": {
    "files": {
      "/C/projects/buzzar1/buzzar1/meteor-app/packages/bz-page-search/package.js": "234bfd20eba16a74ba9f313c6dd6d70943d15fcb"
    },
    "directories": []
  },
  "pluginProviderPackageMap": {
    "arutune:bz-page-search": {
      "kind": "local",
      "sourceRoot": "/C/projects/buzzar1/buzzar1/meteor-app/packages/bz-page-search"
    },
    "meteor": {
      "kind": "versioned",
      "version": "1.1.6"
    },
    "iron:router": {
      "kind": "versioned",
      "version": "1.0.9"
    },
    "iron:layout": {
      "kind": "versioned",
      "version": "1.0.8"
    },
    "accounts-base": {
      "kind": "versioned",
      "version": "1.2.0"
    },
    "service-configuration": {
      "kind": "versioned",
      "version": "1.0.4"
    },
    "oauth1": {
      "kind": "versioned",
      "version": "1.1.4"
    },
    "arutune:bz-main": {
      "kind": "local",
      "sourceRoot": "/C/projects/buzzar1/buzzar1/meteor-app/packages/bz-main"
    },
    "iron:core": {
      "kind": "versioned",
      "version": "1.0.8"
    },
    "iron:dynamic-template": {
      "kind": "versioned",
      "version": "1.0.8"
    },
    "templating": {
      "kind": "versioned",
      "version": "1.1.1"
    },
    "http": {
      "kind": "versioned",
      "version": "1.1.0"
    },
    "less": {
      "kind": "versioned",
      "version": "1.0.14"
    },
    "dburles:collection-helpers": {
      "kind": "versioned",
      "version": "1.0.3"
    },
    "arutune:bz-control-common": {
      "kind": "local",
      "sourceRoot": "/C/projects/buzzar1/buzzar1/meteor-app/packages/bz-control-common"
    }
  },
  "includeCordovaUnibuild": true
}