{
  "format": "unipackage-unibuild-pre1",
  "packageVariables": [],
  "uses": [
    {
      "package": "meteor"
    },
    {
      "package": "iron:router"
    },
    {
      "package": "iron:layout"
    },
    {
      "package": "accounts-base",
      "constraint": "1.2.0"
    },
    {
      "package": "service-configuration",
      "constraint": "1.0.4"
    },
    {
      "package": "oauth1",
      "constraint": "1.1.4"
    },
    {
      "package": "arutune:bz-main"
    }
  ],
  "resources": [
    {
      "type": "prelink",
      "file": "os/packages/arutune_bz-page-search.js",
      "length": 9190,
      "offset": 0,
      "servePath": "/packages/arutune_bz-page-search.js",
      "sourceMap": "os/packages/arutune_bz-page-search.js.map"
    }
  ]
}