{
  "format": "unipackage-unibuild-pre1",
  "packageVariables": [
    {
      "name": "setSearchedText"
    },
    {
      "name": "res1"
    },
    {
      "name": "createLocationFromObject"
    },
    {
      "name": "setLocationToSessionFromData"
    }
  ],
  "uses": [
    {
      "package": "meteor"
    },
    {
      "package": "iron:router"
    },
    {
      "package": "iron:layout"
    },
    {
      "package": "accounts-base",
      "constraint": "1.2.0"
    },
    {
      "package": "service-configuration",
      "constraint": "1.0.4"
    },
    {
      "package": "oauth1",
      "constraint": "1.1.4"
    },
    {
      "package": "templating",
      "constraint": "1.1.1"
    },
    {
      "package": "http",
      "constraint": "1.1.0"
    },
    {
      "package": "less",
      "constraint": "1.0.14"
    },
    {
      "package": "arutune:bz-main"
    },
    {
      "package": "dburles:collection-helpers"
    },
    {
      "package": "arutune:bz-control-common"
    }
  ],
  "resources": [
    {
      "type": "prelink",
      "file": "web.cordova/packages/arutune_bz-page-search.js",
      "length": 36154,
      "offset": 0,
      "servePath": "/packages/arutune_bz-page-search.js",
      "sourceMap": "web.cordova/packages/arutune_bz-page-search.js.map"
    }
  ]
}