{
  "isopack-1": {
    "name": "joshowens:accounts-entry",
    "summary": "Make signin and signout their own pages with routes.",
    "version": "1.0.3",
    "isTest": false,
    "builds": [
      {
        "kind": "main",
        "arch": "os",
        "path": "os.json"
      },
      {
        "kind": "main",
        "arch": "web.browser",
        "path": "web.browser.json"
      },
      {
        "kind": "main",
        "arch": "web.cordova",
        "path": "web.cordova.json"
      }
    ],
    "plugins": []
  }
}