{
  "builtBy": "meteor/16",
  "unibuildDependencies": {
    "os.json": {
      "files": {
        "/C/projects/buzzar1/buzzar1/meteor-app/packages/accounts-entry/package.js": "0fb2a2d53ccbc03b791638a35576e06704040a66",
        "/C/projects/buzzar1/buzzar1/meteor-app/packages/accounts-entry/server/entry.coffee": "17277389f890008e7944970b9dfb0c9d6e758723",
        "/C/projects/buzzar1/buzzar1/meteor-app/packages/accounts-entry/shared/router.coffee": "f86d471c96b3b42a40dfa9fa82438f2e02b9bea4"
      },
      "directories": []
    },
    "web.browser.json": {
      "files": {
        "/C/projects/buzzar1/buzzar1/meteor-app/packages/accounts-entry/package.js": "0fb2a2d53ccbc03b791638a35576e06704040a66",
        "/C/projects/buzzar1/buzzar1/meteor-app/packages/accounts-entry/client/entry.less": "bbddac981b3dc0b74a405fbe778d003cbcc9b5d8",
        "/C/projects/buzzar1/buzzar1/meteor-app/packages/accounts-entry/client/views/signIn/signIn.html": "9630d912c5108425c485f2015f62addc6f904e15",
        "/C/projects/buzzar1/buzzar1/meteor-app/packages/accounts-entry/client/views/signUp/signUp.html": "ce4ae83cc0f649e831538661be801ec5f7dc7f30",
        "/C/projects/buzzar1/buzzar1/meteor-app/packages/accounts-entry/client/views/signUp/extraSignUpFields.html": "3d5f88bdd350cf8bd47662d6807b3790eb82826a",
        "/C/projects/buzzar1/buzzar1/meteor-app/packages/accounts-entry/client/views/forgotPassword/forgotPassword.html": "7077a9958d1e9c9c9bc61e7529870ba435d7c17f",
        "/C/projects/buzzar1/buzzar1/meteor-app/packages/accounts-entry/client/views/resetPassword/resetPassword.html": "02bf7a9b56354d7af7b0b0a5c022feead8219aef",
        "/C/projects/buzzar1/buzzar1/meteor-app/packages/accounts-entry/client/views/enrollAccount/enrollAccount.html": "2d056d0f78e6c43620ae18a17a2f53ef04c72bc6",
        "/C/projects/buzzar1/buzzar1/meteor-app/packages/accounts-entry/client/views/socialButtons/social-buttons.html": "17338bacb3723f720da1041a9505dc1ac6a8e411",
        "/C/projects/buzzar1/buzzar1/meteor-app/packages/accounts-entry/client/views/socialButtons/social-buttons.js": "abb7a4afcf2a18a6dace9763d67676066270c69e",
        "/C/projects/buzzar1/buzzar1/meteor-app/packages/accounts-entry/client/views/social/social.html": "787ff5ccc3a35536b0090e71d3838b92c8677b9e",
        "/C/projects/buzzar1/buzzar1/meteor-app/packages/accounts-entry/client/views/error/error.html": "31f7864b57b188da62ea31ee56370041579cef7d",
        "/C/projects/buzzar1/buzzar1/meteor-app/packages/accounts-entry/client/views/accountButtons/accountButtons.html": "fdab74eaa2c9444eb61de79242dbddb025db1bd6",
        "/C/projects/buzzar1/buzzar1/meteor-app/packages/accounts-entry/client/views/accountButtons/_wrapLinks.html": "9970d705073826f61cbf4a012574ecb8467e602b",
        "/C/projects/buzzar1/buzzar1/meteor-app/packages/accounts-entry/client/views/accountButtons/signedIn.html": "b03587a9de750f7dfa95d03cd70c37b4e9df50bf",
        "/C/projects/buzzar1/buzzar1/meteor-app/packages/accounts-entry/client/views/verificationPending/verificationPending.html": "69ff99afcc486465cda87e4fade3221e11260db5",
        "/C/projects/buzzar1/buzzar1/meteor-app/packages/accounts-entry/client/entry.coffee": "59c228a0e346732fdc966080bbf9191e043736bc",
        "/C/projects/buzzar1/buzzar1/meteor-app/packages/accounts-entry/client/helpers.coffee": "f676440b7cedb168b2c2fe0145d0a84af2a1e12e",
        "/C/projects/buzzar1/buzzar1/meteor-app/packages/accounts-entry/client/views/signIn/signIn.coffee": "bbe612f841fa24c13a5460e9b00c7f0e7337ebc0",
        "/C/projects/buzzar1/buzzar1/meteor-app/packages/accounts-entry/client/views/signUp/signUp.coffee": "f98a8a13dfb860ef5a3a44b0ecf94f4982e4e5fa",
        "/C/projects/buzzar1/buzzar1/meteor-app/packages/accounts-entry/client/views/signUp/extraSignUpFields.coffee": "d4cc98aa771396555d05879260c6ed8d14f3fbd1",
        "/C/projects/buzzar1/buzzar1/meteor-app/packages/accounts-entry/client/views/forgotPassword/forgotPassword.coffee": "58dee5f63ad139d35a27336d152bb857ea0924da",
        "/C/projects/buzzar1/buzzar1/meteor-app/packages/accounts-entry/client/views/resetPassword/resetPassword.coffee": "9b9e6e2888ea4da003a005adb7a138f1cf1e57e8",
        "/C/projects/buzzar1/buzzar1/meteor-app/packages/accounts-entry/client/views/enrollAccount/enrollAccount.coffee": "b58094ec9bf3a9e897110b62bde77742e459d2df",
        "/C/projects/buzzar1/buzzar1/meteor-app/packages/accounts-entry/client/views/social/social.coffee": "908ba567f8d136552a21000516e62b7b04f76475",
        "/C/projects/buzzar1/buzzar1/meteor-app/packages/accounts-entry/client/views/error/error.coffee": "bd0420da7626fe48de13411bfaa857e5cfa9ade8",
        "/C/projects/buzzar1/buzzar1/meteor-app/packages/accounts-entry/client/views/accountButtons/accountButtons.coffee": "306e3dec33fcc142c97f1e120e0e1f2733169ada",
        "/C/projects/buzzar1/buzzar1/meteor-app/packages/accounts-entry/client/views/verificationPending/verificationPending.coffee": "3b25a9a445eb6b912d0f666aee88f3f286971cf5",
        "/C/projects/buzzar1/buzzar1/meteor-app/packages/accounts-entry/client/t9n/english.coffee": "2534a60319d660f24f0fa508f44b496d2f547533",
        "/C/projects/buzzar1/buzzar1/meteor-app/packages/accounts-entry/shared/router.coffee": "f86d471c96b3b42a40dfa9fa82438f2e02b9bea4"
      },
      "directories": []
    },
    "web.cordova.json": {
      "files": {
        "/C/projects/buzzar1/buzzar1/meteor-app/packages/accounts-entry/package.js": "0fb2a2d53ccbc03b791638a35576e06704040a66",
        "/C/projects/buzzar1/buzzar1/meteor-app/packages/accounts-entry/client/entry.less": "bbddac981b3dc0b74a405fbe778d003cbcc9b5d8",
        "/C/projects/buzzar1/buzzar1/meteor-app/packages/accounts-entry/client/views/signIn/signIn.app.html": "ec0e8d5d9b03977c56919ebd748d6979a98ffecc",
        "/C/projects/buzzar1/buzzar1/meteor-app/packages/accounts-entry/client/views/signUp/signUp.app.html": "1df6eb6bf72681801412e06f75c3fc9abc0144a1",
        "/C/projects/buzzar1/buzzar1/meteor-app/packages/accounts-entry/client/views/signUp/extraSignUpFields.app.html": "3d5f88bdd350cf8bd47662d6807b3790eb82826a",
        "/C/projects/buzzar1/buzzar1/meteor-app/packages/accounts-entry/client/views/forgotPassword/forgotPassword.app.html": "dc0d9a183548e156d5cc63ce35d9775716dd4fd4",
        "/C/projects/buzzar1/buzzar1/meteor-app/packages/accounts-entry/client/views/resetPassword/resetPassword.app.html": "02bf7a9b56354d7af7b0b0a5c022feead8219aef",
        "/C/projects/buzzar1/buzzar1/meteor-app/packages/accounts-entry/client/views/enrollAccount/enrollAccount.app.html": "2d056d0f78e6c43620ae18a17a2f53ef04c72bc6",
        "/C/projects/buzzar1/buzzar1/meteor-app/packages/accounts-entry/client/views/social/social.html": "787ff5ccc3a35536b0090e71d3838b92c8677b9e",
        "/C/projects/buzzar1/buzzar1/meteor-app/packages/accounts-entry/client/views/error/error.html": "31f7864b57b188da62ea31ee56370041579cef7d",
        "/C/projects/buzzar1/buzzar1/meteor-app/packages/accounts-entry/client/views/accountButtons/accountButtons.html": "fdab74eaa2c9444eb61de79242dbddb025db1bd6",
        "/C/projects/buzzar1/buzzar1/meteor-app/packages/accounts-entry/client/views/accountButtons/_wrapLinks.html": "9970d705073826f61cbf4a012574ecb8467e602b",
        "/C/projects/buzzar1/buzzar1/meteor-app/packages/accounts-entry/client/views/accountButtons/signedIn.html": "b03587a9de750f7dfa95d03cd70c37b4e9df50bf",
        "/C/projects/buzzar1/buzzar1/meteor-app/packages/accounts-entry/client/views/verificationPending/verificationPending.html": "69ff99afcc486465cda87e4fade3221e11260db5",
        "/C/projects/buzzar1/buzzar1/meteor-app/packages/accounts-entry/client/entry.coffee": "59c228a0e346732fdc966080bbf9191e043736bc",
        "/C/projects/buzzar1/buzzar1/meteor-app/packages/accounts-entry/client/helpers.coffee": "f676440b7cedb168b2c2fe0145d0a84af2a1e12e",
        "/C/projects/buzzar1/buzzar1/meteor-app/packages/accounts-entry/client/views/signIn/signIn.coffee": "bbe612f841fa24c13a5460e9b00c7f0e7337ebc0",
        "/C/projects/buzzar1/buzzar1/meteor-app/packages/accounts-entry/client/views/signUp/signUp.coffee": "f98a8a13dfb860ef5a3a44b0ecf94f4982e4e5fa",
        "/C/projects/buzzar1/buzzar1/meteor-app/packages/accounts-entry/client/views/signUp/extraSignUpFields.coffee": "d4cc98aa771396555d05879260c6ed8d14f3fbd1",
        "/C/projects/buzzar1/buzzar1/meteor-app/packages/accounts-entry/client/views/forgotPassword/forgotPassword.coffee": "58dee5f63ad139d35a27336d152bb857ea0924da",
        "/C/projects/buzzar1/buzzar1/meteor-app/packages/accounts-entry/client/views/resetPassword/resetPassword.coffee": "9b9e6e2888ea4da003a005adb7a138f1cf1e57e8",
        "/C/projects/buzzar1/buzzar1/meteor-app/packages/accounts-entry/client/views/enrollAccount/enrollAccount.coffee": "b58094ec9bf3a9e897110b62bde77742e459d2df",
        "/C/projects/buzzar1/buzzar1/meteor-app/packages/accounts-entry/client/views/social/social.coffee": "908ba567f8d136552a21000516e62b7b04f76475",
        "/C/projects/buzzar1/buzzar1/meteor-app/packages/accounts-entry/client/views/error/error.coffee": "bd0420da7626fe48de13411bfaa857e5cfa9ade8",
        "/C/projects/buzzar1/buzzar1/meteor-app/packages/accounts-entry/client/views/accountButtons/accountButtons.coffee": "306e3dec33fcc142c97f1e120e0e1f2733169ada",
        "/C/projects/buzzar1/buzzar1/meteor-app/packages/accounts-entry/client/views/verificationPending/verificationPending.coffee": "3b25a9a445eb6b912d0f666aee88f3f286971cf5",
        "/C/projects/buzzar1/buzzar1/meteor-app/packages/accounts-entry/client/t9n/english.coffee": "2534a60319d660f24f0fa508f44b496d2f547533",
        "/C/projects/buzzar1/buzzar1/meteor-app/packages/accounts-entry/shared/router.coffee": "f86d471c96b3b42a40dfa9fa82438f2e02b9bea4"
      },
      "directories": []
    }
  },
  "pluginDependencies": {
    "files": {
      "/C/projects/buzzar1/buzzar1/meteor-app/packages/accounts-entry/package.js": "0fb2a2d53ccbc03b791638a35576e06704040a66"
    },
    "directories": []
  },
  "pluginProviderPackageMap": {
    "joshowens:accounts-entry": {
      "kind": "local",
      "sourceRoot": "/C/projects/buzzar1/buzzar1/meteor-app/packages/accounts-entry"
    },
    "meteor": {
      "kind": "versioned",
      "version": "1.1.6"
    },
    "iron:router": {
      "kind": "versioned",
      "version": "1.0.9"
    },
    "softwarerero:accounts-t9n": {
      "kind": "versioned",
      "version": "1.1.3"
    },
    "joshowens:simple-form": {
      "kind": "versioned",
      "version": "0.2.2"
    },
    "sacha:spin": {
      "kind": "versioned",
      "version": "2.0.4"
    },
    "deps": {
      "kind": "versioned",
      "version": "1.0.7"
    },
    "service-configuration": {
      "kind": "versioned",
      "version": "1.0.4"
    },
    "accounts-password": {
      "kind": "versioned",
      "version": "1.1.1"
    },
    "accounts-base": {
      "kind": "versioned",
      "version": "1.2.0"
    },
    "underscore": {
      "kind": "versioned",
      "version": "1.0.3"
    },
    "coffeescript": {
      "kind": "versioned",
      "version": "1.0.6"
    },
    "iron:core": {
      "kind": "versioned",
      "version": "1.0.8"
    },
    "tracker": {
      "kind": "versioned",
      "version": "1.0.7"
    },
    "templating": {
      "kind": "versioned",
      "version": "1.1.1"
    },
    "handlebars": {
      "kind": "versioned",
      "version": "1.0.3"
    },
    "session": {
      "kind": "versioned",
      "version": "1.1.0"
    },
    "less": {
      "kind": "versioned",
      "version": "1.0.14"
    },
    "sha": {
      "kind": "versioned",
      "version": "1.0.3"
    }
  },
  "includeCordovaUnibuild": true
}