{
  "builtBy": "meteor/16",
  "unibuildDependencies": {
    "os.json": {
      "files": {
        "/C/projects/buzzar1/buzzar1/meteor-app/packages/bz-control-common/package.js": "cf1fe98890ef164dffda6a89bed1acdcb56ef11c",
        "/C/projects/buzzar1/buzzar1/meteor-app/packages/bz-control-common/bz-control-common.js": "6536efa2bcfd945cf71325964f73534e2fa6aeed"
      },
      "directories": []
    },
    "web.browser.json": {
      "files": {
        "/C/projects/buzzar1/buzzar1/meteor-app/packages/bz-control-common/package.js": "cf1fe98890ef164dffda6a89bed1acdcb56ef11c",
        "/C/projects/buzzar1/buzzar1/meteor-app/packages/bz-control-common/bz-control-common.js": "6536efa2bcfd945cf71325964f73534e2fa6aeed",
        "/C/projects/buzzar1/buzzar1/meteor-app/packages/bz-control-common/client/router.js": "646ffddd5829e104146edee6fc35e270c272bd42",
        "/C/projects/buzzar1/buzzar1/meteor-app/packages/bz-control-common/client/model.js": "2391b1a9ebb898a9f6714aaee1eac4b5beab6b7d",
        "/C/projects/buzzar1/buzzar1/meteor-app/packages/bz-control-common/client/controller.js": "33108fad546ed7d05ab29c18dc48411b6d3f2a2f",
        "/C/projects/buzzar1/buzzar1/meteor-app/packages/bz-control-common/client/resources/t9-en.js": "7cdccf944c8d73c291ddf3fc10466c93b16a90cd",
        "/C/projects/buzzar1/buzzar1/meteor-app/packages/bz-control-common/client/browser/category-list-buttons.html": "96d7eb66ef596abd0f0a97b94328ed80fec14b46",
        "/C/projects/buzzar1/buzzar1/meteor-app/packages/bz-control-common/client/browser/category-list-buttons.js": "dd5c97159058e73d7c69193bead70188b65379ac",
        "/C/projects/buzzar1/buzzar1/meteor-app/packages/bz-control-common/client/browser/category-list-buttons.less": "7c03d91ef15e930f7d95d76090e0df3ff19c94ff",
        "/C/projects/buzzar1/buzzar1/meteor-app/packages/bz-control-common/client/browser/main-menu.html": "06f84238191e6aa00d2b10f7d955111fe41aa15b",
        "/C/projects/buzzar1/buzzar1/meteor-app/packages/bz-control-common/client/browser/main-menu.js": "b365f2e0c703ba1e3e64a36023a555b3b3042703",
        "/C/projects/buzzar1/buzzar1/meteor-app/packages/bz-control-common/client/browser/main-menu.less": "da39a3ee5e6b4b0d3255bfef95601890afd80709",
        "/C/projects/buzzar1/buzzar1/meteor-app/packages/bz-control-common/client/browser/reviews.html": "14bfefd7af3743431d1e1671d8df759d44f0e9ca",
        "/C/projects/buzzar1/buzzar1/meteor-app/packages/bz-control-common/client/browser/reviews.js": "04559f6fd6446c35f3593b0b3f1e792ccc2397d6",
        "/C/projects/buzzar1/buzzar1/meteor-app/packages/bz-control-common/client/browser/reviews.less": "da39a3ee5e6b4b0d3255bfef95601890afd80709",
        "/C/projects/buzzar1/buzzar1/meteor-app/packages/bz-control-common/client/browser/upload-image.html": "b50a9904fbd9268461b30c2b14b6276cdcf2ef77",
        "/C/projects/buzzar1/buzzar1/meteor-app/packages/bz-control-common/client/browser/upload-image.js": "56d68e49037315e10de6c4f9286698cf431b5235",
        "/C/projects/buzzar1/buzzar1/meteor-app/packages/bz-control-common/client/browser/upload-image.less": "f75c26ff0f5105f11b5e71ebc597e650fdcc7205"
      },
      "directories": []
    },
    "web.cordova.json": {
      "files": {
        "/C/projects/buzzar1/buzzar1/meteor-app/packages/bz-control-common/package.js": "cf1fe98890ef164dffda6a89bed1acdcb56ef11c",
        "/C/projects/buzzar1/buzzar1/meteor-app/packages/bz-control-common/bz-control-common.js": "6536efa2bcfd945cf71325964f73534e2fa6aeed",
        "/C/projects/buzzar1/buzzar1/meteor-app/packages/bz-control-common/client/router.js": "646ffddd5829e104146edee6fc35e270c272bd42",
        "/C/projects/buzzar1/buzzar1/meteor-app/packages/bz-control-common/client/model.js": "2391b1a9ebb898a9f6714aaee1eac4b5beab6b7d",
        "/C/projects/buzzar1/buzzar1/meteor-app/packages/bz-control-common/client/controller.js": "33108fad546ed7d05ab29c18dc48411b6d3f2a2f",
        "/C/projects/buzzar1/buzzar1/meteor-app/packages/bz-control-common/client/resources/t9-en.js": "7cdccf944c8d73c291ddf3fc10466c93b16a90cd"
      },
      "directories": []
    }
  },
  "pluginDependencies": {
    "files": {
      "/C/projects/buzzar1/buzzar1/meteor-app/packages/bz-control-common/package.js": "cf1fe98890ef164dffda6a89bed1acdcb56ef11c"
    },
    "directories": []
  },
  "pluginProviderPackageMap": {
    "arutune:bz-control-common": {
      "kind": "local",
      "sourceRoot": "/C/projects/buzzar1/buzzar1/meteor-app/packages/bz-control-common"
    },
    "meteor": {
      "kind": "versioned",
      "version": "1.1.6"
    },
    "iron:router": {
      "kind": "versioned",
      "version": "1.0.9"
    },
    "iron:layout": {
      "kind": "versioned",
      "version": "1.0.8"
    },
    "iron:core": {
      "kind": "versioned",
      "version": "1.0.8"
    },
    "iron:dynamic-template": {
      "kind": "versioned",
      "version": "1.0.8"
    },
    "templating": {
      "kind": "versioned",
      "version": "1.1.1"
    },
    "less": {
      "kind": "versioned",
      "version": "1.0.14"
    }
  },
  "includeCordovaUnibuild": true
}