{
  "format": "unipackage-unibuild-pre1",
  "packageVariables": [
    {
      "name": "imagesArrayGlobal"
    },
    {
      "name": "saveImageAndGetUrlFromData"
    },
    {
      "name": "getDataFromImgUrl"
    },
    {
      "name": "addImageToArrSession"
    },
    {
      "name": "doneCloseChooseImageDialog"
    }
  ],
  "uses": [
    {
      "package": "meteor"
    },
    {
      "package": "iron:router"
    },
    {
      "package": "iron:layout"
    },
    {
      "package": "templating",
      "constraint": "1.1.1"
    },
    {
      "package": "less",
      "constraint": "1.0.14"
    }
  ],
  "resources": [
    {
      "type": "prelink",
      "file": "web.cordova/packages/arutune_bz-control-common.js",
      "length": 9644,
      "offset": 0,
      "servePath": "/packages/arutune_bz-control-common.js",
      "sourceMap": "web.cordova/packages/arutune_bz-control-common.js.map"
    }
  ]
}