{
  "format": "unipackage-unibuild-pre1",
  "packageVariables": [
    {
      "name": "imagesArrayGlobal"
    },
    {
      "name": "saveImageAndGetUrlFromData"
    },
    {
      "name": "getDataFromImgUrl"
    },
    {
      "name": "addImageToArrSession"
    },
    {
      "name": "doneCloseChooseImageDialog"
    },
    {
      "name": "data"
    }
  ],
  "uses": [
    {
      "package": "meteor"
    },
    {
      "package": "iron:router"
    },
    {
      "package": "iron:layout"
    },
    {
      "package": "templating",
      "constraint": "1.1.1"
    },
    {
      "package": "less",
      "constraint": "1.0.14"
    }
  ],
  "resources": [
    {
      "type": "css",
      "file": "web.browser/packages/arutune_bz-control-common/client/browser/category-list-buttons.less.css",
      "length": 585,
      "offset": 0,
      "servePath": "/packages/arutune_bz-control-common/client/browser/category-list-buttons.less.css"
    },
    {
      "type": "css",
      "file": "web.browser/packages/arutune_bz-control-common/client/browser/main-menu.less.css",
      "length": 0,
      "offset": 0,
      "servePath": "/packages/arutune_bz-control-common/client/browser/main-menu.less.css"
    },
    {
      "type": "css",
      "file": "web.browser/packages/arutune_bz-control-common/client/browser/reviews.less.css",
      "length": 0,
      "offset": 0,
      "servePath": "/packages/arutune_bz-control-common/client/browser/reviews.less.css"
    },
    {
      "type": "css",
      "file": "web.browser/packages/arutune_bz-control-common/client/browser/upload-image.less.css",
      "length": 2746,
      "offset": 0,
      "servePath": "/packages/arutune_bz-control-common/client/browser/upload-image.less.css"
    },
    {
      "type": "prelink",
      "file": "web.browser/packages/arutune_bz-control-common.js",
      "length": 96147,
      "offset": 0,
      "servePath": "/packages/arutune_bz-control-common.js",
      "sourceMap": "web.browser/packages/arutune_bz-control-common.js.map"
    }
  ]
}