{
  "builtBy": "meteor/16",
  "unibuildDependencies": {
    "os.json": {
      "files": {
        "/C/projects/buzzar1/buzzar1/meteor-app/packages/bz-page-user/package.js": "db17addf12f5b5f8c1b874461f494bee282b7a4d",
        "/C/projects/buzzar1/buzzar1/meteor-app/packages/bz-main/package.js": "08b0616172c2bddc0e1346d352e2aca31e44b808",
        "/C/projects/buzzar1/buzzar1/meteor-app/packages/bz-page-user/collections/users.shared.js": "9bee1f7168fc40b7078e3c380f50c860fc776884"
      },
      "directories": []
    },
    "web.browser.json": {
      "files": {
        "/C/projects/buzzar1/buzzar1/meteor-app/packages/bz-page-user/package.js": "db17addf12f5b5f8c1b874461f494bee282b7a4d",
        "/C/projects/buzzar1/buzzar1/meteor-app/packages/bz-main/package.js": "08b0616172c2bddc0e1346d352e2aca31e44b808",
        "/C/projects/buzzar1/buzzar1/meteor-app/packages/bz-page-user/collections/users.shared.js": "9bee1f7168fc40b7078e3c380f50c860fc776884",
        "/C/projects/buzzar1/buzzar1/meteor-app/packages/bz-page-user/client/router.js": "fea3152abc9af479af014a8facb6b5d5695205f2",
        "/C/projects/buzzar1/buzzar1/meteor-app/packages/bz-page-user/client/model.js": "b5242ea7cf4ee903ce88de2dd1d1fcfbec3d51d7",
        "/C/projects/buzzar1/buzzar1/meteor-app/packages/bz-page-user/client/controller.js": "ddd3ace174247b2cdcce7105b2f2c3eca62cf947",
        "/C/projects/buzzar1/buzzar1/meteor-app/packages/bz-page-user/client/browser/common.html": "76ed5c9ce8e2a41f164c44597d6981f56c7d1958",
        "/C/projects/buzzar1/buzzar1/meteor-app/packages/bz-page-user/client/browser/common.js": "bca453aa2bfe9e27f4d9b3b87d89bef9454ab38e",
        "/C/projects/buzzar1/buzzar1/meteor-app/packages/bz-page-user/client/browser/profile.html": "5294705a8efdd9dc20abf9e797f318a9d729c83b",
        "/C/projects/buzzar1/buzzar1/meteor-app/packages/bz-page-user/client/browser/profile.js": "ce39d7ea3785977f87b1382d7158f4cead58fd98",
        "/C/projects/buzzar1/buzzar1/meteor-app/packages/bz-page-user/client/browser/user-settings.less": "a2195eb880c0e21700b92b1f2bf7a204fd67ce9e",
        "/C/projects/buzzar1/buzzar1/meteor-app/packages/bz-page-user/client/browser/user-settings.html": "93c171f32b086fb04304abc0a4050f4b0dee144c",
        "/C/projects/buzzar1/buzzar1/meteor-app/packages/bz-page-user/client/browser/user-settings.js": "228e1299d5dd2db7e492e064bcff11cfc847ef5d",
        "/C/projects/buzzar1/buzzar1/meteor-app/packages/bz-page-user/client/browser/profile-edit.less": "401a78234f6691a99bc2e640c904954634844c24",
        "/C/projects/buzzar1/buzzar1/meteor-app/packages/bz-page-user/client/browser/profile-edit.html": "d1b36ea5c7c1546f960b9ace787929383436a341",
        "/C/projects/buzzar1/buzzar1/meteor-app/packages/bz-page-user/client/browser/profile-edit.js": "572ba723771dc6a923192553ad5cccf2d903d7c0"
      },
      "directories": []
    },
    "web.cordova.json": {
      "files": {
        "/C/projects/buzzar1/buzzar1/meteor-app/packages/bz-page-user/package.js": "db17addf12f5b5f8c1b874461f494bee282b7a4d",
        "/C/projects/buzzar1/buzzar1/meteor-app/packages/bz-main/package.js": "08b0616172c2bddc0e1346d352e2aca31e44b808",
        "/C/projects/buzzar1/buzzar1/meteor-app/packages/bz-page-user/collections/users.shared.js": "9bee1f7168fc40b7078e3c380f50c860fc776884",
        "/C/projects/buzzar1/buzzar1/meteor-app/packages/bz-page-user/client/router.js": "fea3152abc9af479af014a8facb6b5d5695205f2",
        "/C/projects/buzzar1/buzzar1/meteor-app/packages/bz-page-user/client/model.js": "b5242ea7cf4ee903ce88de2dd1d1fcfbec3d51d7",
        "/C/projects/buzzar1/buzzar1/meteor-app/packages/bz-page-user/client/controller.js": "ddd3ace174247b2cdcce7105b2f2c3eca62cf947"
      },
      "directories": []
    }
  },
  "pluginDependencies": {
    "files": {
      "/C/projects/buzzar1/buzzar1/meteor-app/packages/bz-page-user/package.js": "db17addf12f5b5f8c1b874461f494bee282b7a4d"
    },
    "directories": []
  },
  "pluginProviderPackageMap": {
    "arutune:bz-page-user": {
      "kind": "local",
      "sourceRoot": "/C/projects/buzzar1/buzzar1/meteor-app/packages/bz-page-user"
    },
    "meteor": {
      "kind": "versioned",
      "version": "1.1.6"
    },
    "iron:router": {
      "kind": "versioned",
      "version": "1.0.9"
    },
    "iron:layout": {
      "kind": "versioned",
      "version": "1.0.8"
    },
    "aldeed:simple-schema": {
      "kind": "versioned",
      "version": "1.3.3"
    },
    "dburles:collection-helpers": {
      "kind": "versioned",
      "version": "1.0.3"
    },
    "arutune:bz-main": {
      "kind": "local",
      "sourceRoot": "/C/projects/buzzar1/buzzar1/meteor-app/packages/bz-main"
    },
    "iron:core": {
      "kind": "versioned",
      "version": "1.0.8"
    },
    "iron:dynamic-template": {
      "kind": "versioned",
      "version": "1.0.8"
    },
    "templating": {
      "kind": "versioned",
      "version": "1.1.1"
    },
    "less": {
      "kind": "versioned",
      "version": "1.0.14"
    }
  },
  "includeCordovaUnibuild": true
}