{
  "format": "unipackage-unibuild-pre1",
  "packageVariables": [
    {
      "name": "Schema"
    }
  ],
  "uses": [
    {
      "package": "meteor"
    },
    {
      "package": "iron:router"
    },
    {
      "package": "iron:layout"
    },
    {
      "package": "aldeed:simple-schema"
    },
    {
      "package": "dburles:collection-helpers"
    },
    {
      "package": "templating",
      "constraint": "1.1.1"
    },
    {
      "package": "less",
      "constraint": "1.0.14"
    },
    {
      "package": "arutune:bz-main"
    }
  ],
  "resources": [
    {
      "type": "css",
      "file": "web.browser/packages/arutune_bz-page-user/client/browser/user-settings.less.css",
      "length": 8483,
      "offset": 0,
      "servePath": "/packages/arutune_bz-page-user/client/browser/user-settings.less.css"
    },
    {
      "type": "css",
      "file": "web.browser/packages/arutune_bz-page-user/client/browser/profile-edit.less.css",
      "length": 686,
      "offset": 0,
      "servePath": "/packages/arutune_bz-page-user/client/browser/profile-edit.less.css"
    },
    {
      "type": "prelink",
      "file": "web.browser/packages/arutune_bz-page-user.js",
      "length": 103979,
      "offset": 0,
      "servePath": "/packages/arutune_bz-page-user.js",
      "sourceMap": "web.browser/packages/arutune_bz-page-user.js.map"
    }
  ]
}