{
  "builtBy": "meteor/16",
  "unibuildDependencies": {
    "os.json": {
      "files": {
        "/C/projects/buzzar1/buzzar1/meteor-app/packages/bz-page-posts/package.js": "1d2eb7a4fd9f2c4570c69c5435c608915ce2e695",
        "/C/projects/buzzar1/buzzar1/meteor-app/packages/bz-main/package.js": "08b0616172c2bddc0e1346d352e2aca31e44b808",
        "/C/projects/buzzar1/buzzar1/meteor-app/packages/bz-page-posts/collections/posts.shared.js": "e2e4f4ede1e16ea5818fbba706ff7e7d01c1d73a",
        "/C/projects/buzzar1/buzzar1/meteor-app/packages/bz-page-posts/server/model.js": "c6caa25514c60086cb5674853cee639faeb55dee"
      },
      "directories": []
    },
    "web.browser.json": {
      "files": {
        "/C/projects/buzzar1/buzzar1/meteor-app/packages/bz-page-posts/package.js": "1d2eb7a4fd9f2c4570c69c5435c608915ce2e695",
        "/C/projects/buzzar1/buzzar1/meteor-app/packages/bz-main/package.js": "08b0616172c2bddc0e1346d352e2aca31e44b808",
        "/C/projects/buzzar1/buzzar1/meteor-app/packages/bz-page-posts/collections/posts.shared.js": "e2e4f4ede1e16ea5818fbba706ff7e7d01c1d73a",
        "/C/projects/buzzar1/buzzar1/meteor-app/packages/bz-page-posts/client/router.js": "31cb605dc09516559c682e6612545132a6c3d46b",
        "/C/projects/buzzar1/buzzar1/meteor-app/packages/bz-page-posts/client/controller.js": "bb15d7e43e6403317cb175cf8f7fb1c80750c125",
        "/C/projects/buzzar1/buzzar1/meteor-app/packages/bz-page-posts/client/page-my.less": "0f5de4c984ee5a9bc35d0ce4d39fb0e8a0bb7f18",
        "/C/projects/buzzar1/buzzar1/meteor-app/packages/bz-page-posts/client/browser/common.html": "1e28d8d19f0e0cab804b2bec64430812c6e90dd0",
        "/C/projects/buzzar1/buzzar1/meteor-app/packages/bz-page-posts/client/browser/details/details-controls.html": "36bc153c519aa2a5e4cf818b1e365cbfdf5b2080",
        "/C/projects/buzzar1/buzzar1/meteor-app/packages/bz-page-posts/client/browser/details/details-controls.less": "877bfd2f1ab9184860686d8117dc16c7cf03fc25",
        "/C/projects/buzzar1/buzzar1/meteor-app/packages/bz-page-posts/client/browser/details/details-controls.js": "1a17daf1825ba0639ca59893f52b4c91b8a5757f",
        "/C/projects/buzzar1/buzzar1/meteor-app/packages/bz-page-posts/client/browser/details/page-details.html": "45d0d9645cc5b68d2faa5907cbdb0950658e2c1b",
        "/C/projects/buzzar1/buzzar1/meteor-app/packages/bz-page-posts/client/browser/details/page-details.js": "7067c560ad51fd926892a86e5e26234e696b7565",
        "/C/projects/buzzar1/buzzar1/meteor-app/packages/bz-page-posts/client/browser/my-posts/my-items.html": "55414b3c18d55b593d1c0165a9024345f912bac9",
        "/C/projects/buzzar1/buzzar1/meteor-app/packages/bz-page-posts/client/browser/my-posts/my-items.js": "2ddc967690e49b5ceced27c7d12251c854ef4138",
        "/C/projects/buzzar1/buzzar1/meteor-app/packages/bz-page-posts/client/browser/my-posts/page-my.html": "d12b98b6c7c6f51e59d1b9d376211607e4b3d8c7",
        "/C/projects/buzzar1/buzzar1/meteor-app/packages/bz-page-posts/client/browser/my-posts/page-my.js": "5d8599b126e4ed57a65305e1b3f1b93a68f9c559",
        "/C/projects/buzzar1/buzzar1/meteor-app/packages/bz-page-posts/client/browser/new-post/new-post-controls.less": "ba32152f42237a6bea06640130bff5be82a1bd54",
        "/C/projects/buzzar1/buzzar1/meteor-app/packages/bz-page-posts/client/browser/new-post/new-post-controls.html": "f350b1caf83d715157f49b771846fdaa554c9bf0",
        "/C/projects/buzzar1/buzzar1/meteor-app/packages/bz-page-posts/client/browser/new-post/new-post-controls.js": "ad48a162e868f8cee6e4745e0de07cbbfe9ef59d",
        "/C/projects/buzzar1/buzzar1/meteor-app/packages/bz-page-posts/client/browser/new-post/add-new-location.html": "3c360eff08e147c952448bd6349a598ac10f84d5",
        "/C/projects/buzzar1/buzzar1/meteor-app/packages/bz-page-posts/client/browser/new-post/add-new-location.js": "c928cffac9ea67548ab4c5fc140a4a2a209f7913",
        "/C/projects/buzzar1/buzzar1/meteor-app/packages/bz-page-posts/client/browser/new-post/new-url.html": "e2f61edaaab1c69fe42fe47d7032d696fab7ec9b",
        "/C/projects/buzzar1/buzzar1/meteor-app/packages/bz-page-posts/client/browser/new-post/new-url.js": "e38b226fe1db10715d1a5aa76705749907547dfc",
        "/C/projects/buzzar1/buzzar1/meteor-app/packages/bz-page-posts/client/browser/new-post/page-new.html": "8d60137e0560538b7d231c970dbea60628416774",
        "/C/projects/buzzar1/buzzar1/meteor-app/packages/bz-page-posts/client/browser/new-post/page-new.js": "197a4aed0a854eba180bf63c7034dcd64f504a9d",
        "/C/projects/buzzar1/buzzar1/meteor-app/packages/bz-page-posts/client/browser/places-autoform.less": "2e27009355033ec5508972454e8c95bc1448027d",
        "/C/projects/buzzar1/buzzar1/meteor-app/packages/bz-page-posts/client/browser/places-autoform.html": "c06dc702082dbb6423315e17a0628a643929a486",
        "/C/projects/buzzar1/buzzar1/meteor-app/packages/bz-page-posts/client/browser/places-autoform.js": "288efacfcbe62e241946cca1aa06df7e654b27e7"
      },
      "directories": []
    },
    "web.cordova.json": {
      "files": {
        "/C/projects/buzzar1/buzzar1/meteor-app/packages/bz-page-posts/package.js": "1d2eb7a4fd9f2c4570c69c5435c608915ce2e695",
        "/C/projects/buzzar1/buzzar1/meteor-app/packages/bz-main/package.js": "08b0616172c2bddc0e1346d352e2aca31e44b808",
        "/C/projects/buzzar1/buzzar1/meteor-app/packages/bz-page-posts/collections/posts.shared.js": "e2e4f4ede1e16ea5818fbba706ff7e7d01c1d73a",
        "/C/projects/buzzar1/buzzar1/meteor-app/packages/bz-page-posts/client/router.js": "31cb605dc09516559c682e6612545132a6c3d46b",
        "/C/projects/buzzar1/buzzar1/meteor-app/packages/bz-page-posts/client/controller.js": "bb15d7e43e6403317cb175cf8f7fb1c80750c125",
        "/C/projects/buzzar1/buzzar1/meteor-app/packages/bz-page-posts/client/page-my.less": "0f5de4c984ee5a9bc35d0ce4d39fb0e8a0bb7f18"
      },
      "directories": []
    }
  },
  "pluginDependencies": {
    "files": {
      "/C/projects/buzzar1/buzzar1/meteor-app/packages/bz-page-posts/package.js": "1d2eb7a4fd9f2c4570c69c5435c608915ce2e695"
    },
    "directories": []
  },
  "pluginProviderPackageMap": {
    "arutune:bz-page-posts": {
      "kind": "local",
      "sourceRoot": "/C/projects/buzzar1/buzzar1/meteor-app/packages/bz-page-posts"
    },
    "meteor": {
      "kind": "versioned",
      "version": "1.1.6"
    },
    "iron:router": {
      "kind": "versioned",
      "version": "1.0.9"
    },
    "iron:layout": {
      "kind": "versioned",
      "version": "1.0.8"
    },
    "mongo": {
      "kind": "versioned",
      "version": "1.1.0"
    },
    "arutune:bz-main": {
      "kind": "local",
      "sourceRoot": "/C/projects/buzzar1/buzzar1/meteor-app/packages/bz-main"
    },
    "dburles:collection-helpers": {
      "kind": "versioned",
      "version": "1.0.3"
    },
    "iron:core": {
      "kind": "versioned",
      "version": "1.0.8"
    },
    "iron:dynamic-template": {
      "kind": "versioned",
      "version": "1.0.8"
    },
    "templating": {
      "kind": "versioned",
      "version": "1.1.1"
    },
    "less": {
      "kind": "versioned",
      "version": "1.0.14"
    }
  },
  "includeCordovaUnibuild": true
}