{
  "format": "unipackage-unibuild-pre1",
  "packageVariables": [
    {
      "name": "createNewPostFromView"
    },
    {
      "name": "movingLocationPanelClick"
    },
    {
      "name": "staticLocationPanelClick"
    },
    {
      "name": "runHitTracking"
    },
    {
      "name": "userSeenAll"
    },
    {
      "name": "location1"
    },
    {
      "name": "location2"
    },
    {
      "name": "getPostPhotoObjectsByIds"
    }
  ],
  "uses": [
    {
      "package": "meteor"
    },
    {
      "package": "iron:router"
    },
    {
      "package": "iron:layout"
    },
    {
      "package": "mongo",
      "constraint": "1.1.0"
    },
    {
      "package": "templating",
      "constraint": "1.1.1"
    },
    {
      "package": "less",
      "constraint": "1.0.14"
    },
    {
      "package": "arutune:bz-main"
    },
    {
      "package": "dburles:collection-helpers"
    }
  ],
  "resources": [
    {
      "type": "css",
      "file": "web.cordova/packages/arutune_bz-page-posts/client/page-my.less.css",
      "length": 6777,
      "offset": 0,
      "servePath": "/packages/arutune_bz-page-posts/client/page-my.less.css"
    },
    {
      "type": "prelink",
      "file": "web.cordova/packages/arutune_bz-page-posts.js",
      "length": 36898,
      "offset": 0,
      "servePath": "/packages/arutune_bz-page-posts.js",
      "sourceMap": "web.cordova/packages/arutune_bz-page-posts.js.map"
    }
  ]
}