{
  "builtBy": "meteor/16",
  "unibuildDependencies": {
    "os.json": {
      "files": {
        "/C/projects/buzzar1/buzzar1/meteor-app/packages/bz-page-chat/package.js": "33481a6e074157b49becf38e8c535af199529b71",
        "/C/projects/buzzar1/buzzar1/meteor-app/packages/bz-main/package.js": "08b0616172c2bddc0e1346d352e2aca31e44b808"
      },
      "directories": []
    },
    "web.browser.json": {
      "files": {
        "/C/projects/buzzar1/buzzar1/meteor-app/packages/bz-page-chat/package.js": "33481a6e074157b49becf38e8c535af199529b71",
        "/C/projects/buzzar1/buzzar1/meteor-app/packages/bz-main/package.js": "08b0616172c2bddc0e1346d352e2aca31e44b808",
        "/C/projects/buzzar1/buzzar1/meteor-app/packages/bz-page-chat/client/router.js": "1f58a5645aeca27db9bd5a5ed8514127c9c32b43",
        "/C/projects/buzzar1/buzzar1/meteor-app/packages/bz-page-chat/client/controller.js": "f5d2afe21564485d23286e056cf9cebd3806af34",
        "/C/projects/buzzar1/buzzar1/meteor-app/packages/bz-page-chat/client/page-chats.less": "8a81fed9a7fd390d65e529f3a4ed5c4ddd5b0f0a",
        "/C/projects/buzzar1/buzzar1/meteor-app/packages/bz-page-chat/client/browser/chat-id.less": "7540b6f09cef5ecc4a978e54a77081c871349de9",
        "/C/projects/buzzar1/buzzar1/meteor-app/packages/bz-page-chat/client/browser/chat-id.html": "87b090b3cfdd413224f0f2baddea8247d8e0625c",
        "/C/projects/buzzar1/buzzar1/meteor-app/packages/bz-page-chat/client/browser/chat-id.js": "b94cf4b5d5d2d76c32a84556accb0f4058e1960b",
        "/C/projects/buzzar1/buzzar1/meteor-app/packages/bz-page-chat/client/browser/chats-all.html": "e58158226602a93bdfcc8f0999cdc681e9d1857c",
        "/C/projects/buzzar1/buzzar1/meteor-app/packages/bz-page-chat/client/browser/chats-all.js": "cba74d98f954db83c6230bbce5660011af517dc6",
        "/C/projects/buzzar1/buzzar1/meteor-app/packages/bz-page-chat/client/browser/controls.html": "7dda4499d2eb770d9e65288ac0e33ae0ad30bc15",
        "/C/projects/buzzar1/buzzar1/meteor-app/packages/bz-page-chat/client/browser/controls.js": "417a373e79cddbd160dbcd3f40e8112910d465e3",
        "/C/projects/buzzar1/buzzar1/meteor-app/packages/bz-page-chat/client/browser/page-chats.less": "7670fdb477e9af8722445e8031bf1500e7386c08",
        "/C/projects/buzzar1/buzzar1/meteor-app/packages/bz-page-chat/client/browser/page-chats.html": "79aa2f1436f20a87fc6a27a1d03058e9d07ec1e5",
        "/C/projects/buzzar1/buzzar1/meteor-app/packages/bz-page-chat/client/browser/page-chats.js": "eec9faeabe9875ba8e276f51c9131b518151eaac"
      },
      "directories": []
    },
    "web.cordova.json": {
      "files": {
        "/C/projects/buzzar1/buzzar1/meteor-app/packages/bz-page-chat/package.js": "33481a6e074157b49becf38e8c535af199529b71",
        "/C/projects/buzzar1/buzzar1/meteor-app/packages/bz-main/package.js": "08b0616172c2bddc0e1346d352e2aca31e44b808",
        "/C/projects/buzzar1/buzzar1/meteor-app/packages/bz-page-chat/client/router.js": "1f58a5645aeca27db9bd5a5ed8514127c9c32b43",
        "/C/projects/buzzar1/buzzar1/meteor-app/packages/bz-page-chat/client/controller.js": "f5d2afe21564485d23286e056cf9cebd3806af34",
        "/C/projects/buzzar1/buzzar1/meteor-app/packages/bz-page-chat/client/page-chats.less": "8a81fed9a7fd390d65e529f3a4ed5c4ddd5b0f0a",
        "/C/projects/buzzar1/buzzar1/meteor-app/packages/bz-page-chat/client/browser/chat-id.less": "7540b6f09cef5ecc4a978e54a77081c871349de9",
        "/C/projects/buzzar1/buzzar1/meteor-app/packages/bz-page-chat/client/browser/chat-id.html": "87b090b3cfdd413224f0f2baddea8247d8e0625c",
        "/C/projects/buzzar1/buzzar1/meteor-app/packages/bz-page-chat/client/browser/chat-id.js": "b94cf4b5d5d2d76c32a84556accb0f4058e1960b",
        "/C/projects/buzzar1/buzzar1/meteor-app/packages/bz-page-chat/client/browser/chats-all.html": "e58158226602a93bdfcc8f0999cdc681e9d1857c",
        "/C/projects/buzzar1/buzzar1/meteor-app/packages/bz-page-chat/client/browser/chats-all.js": "cba74d98f954db83c6230bbce5660011af517dc6",
        "/C/projects/buzzar1/buzzar1/meteor-app/packages/bz-page-chat/client/browser/controls.html": "7dda4499d2eb770d9e65288ac0e33ae0ad30bc15",
        "/C/projects/buzzar1/buzzar1/meteor-app/packages/bz-page-chat/client/browser/controls.js": "417a373e79cddbd160dbcd3f40e8112910d465e3",
        "/C/projects/buzzar1/buzzar1/meteor-app/packages/bz-page-chat/client/browser/page-chats.less": "7670fdb477e9af8722445e8031bf1500e7386c08",
        "/C/projects/buzzar1/buzzar1/meteor-app/packages/bz-page-chat/client/browser/page-chats.html": "79aa2f1436f20a87fc6a27a1d03058e9d07ec1e5",
        "/C/projects/buzzar1/buzzar1/meteor-app/packages/bz-page-chat/client/browser/page-chats.js": "eec9faeabe9875ba8e276f51c9131b518151eaac"
      },
      "directories": []
    }
  },
  "pluginDependencies": {
    "files": {
      "/C/projects/buzzar1/buzzar1/meteor-app/packages/bz-page-chat/package.js": "33481a6e074157b49becf38e8c535af199529b71"
    },
    "directories": []
  },
  "pluginProviderPackageMap": {
    "arutune:bz-page-chat": {
      "kind": "local",
      "sourceRoot": "/C/projects/buzzar1/buzzar1/meteor-app/packages/bz-page-chat"
    },
    "meteor": {
      "kind": "versioned",
      "version": "1.1.6"
    },
    "iron:router": {
      "kind": "versioned",
      "version": "1.0.9"
    },
    "iron:layout": {
      "kind": "versioned",
      "version": "1.0.8"
    },
    "arutune:bz-main": {
      "kind": "local",
      "sourceRoot": "/C/projects/buzzar1/buzzar1/meteor-app/packages/bz-main"
    },
    "iron:core": {
      "kind": "versioned",
      "version": "1.0.8"
    },
    "iron:dynamic-template": {
      "kind": "versioned",
      "version": "1.0.8"
    },
    "templating": {
      "kind": "versioned",
      "version": "1.1.1"
    },
    "less": {
      "kind": "versioned",
      "version": "1.0.14"
    }
  },
  "includeCordovaUnibuild": true
}