{
  "format": "unipackage-unibuild-pre1",
  "packageVariables": [],
  "uses": [
    {
      "package": "meteor"
    },
    {
      "package": "iron:router"
    },
    {
      "package": "iron:layout"
    },
    {
      "package": "arutune:bz-main"
    }
  ],
  "resources": [
    {
      "type": "prelink",
      "file": "os/packages/arutune_bz-page-chat.js",
      "length": 0,
      "offset": 0,
      "servePath": "/packages/arutune_bz-page-chat.js",
      "sourceMap": "os/packages/arutune_bz-page-chat.js.map"
    }
  ]
}