{
  "format": "unipackage-unibuild-pre1",
  "packageVariables": [
    {
      "name": "sendMessage"
    },
    {
      "name": "scrollMessages"
    },
    {
      "name": "makeChatActive"
    },
    {
      "name": "createChatIfFirstMessage"
    },
    {
      "name": "getUniqueChatsForUser"
    },
    {
      "name": "messageModals"
    },
    {
      "name": "showMessageModal"
    },
    {
      "name": "bzAlerMessage"
    },
    {
      "name": "showbzAlerMessage"
    },
    {
      "name": "hideMessageModal"
    },
    {
      "name": "currentUser"
    }
  ],
  "uses": [
    {
      "package": "meteor"
    },
    {
      "package": "iron:router"
    },
    {
      "package": "iron:layout"
    },
    {
      "package": "templating",
      "constraint": "1.1.1"
    },
    {
      "package": "less",
      "constraint": "1.0.14"
    },
    {
      "package": "arutune:bz-main"
    }
  ],
  "resources": [
    {
      "type": "css",
      "file": "web.cordova/packages/arutune_bz-page-chat/client/page-chats.less.css",
      "length": 3321,
      "offset": 0,
      "servePath": "/packages/arutune_bz-page-chat/client/page-chats.less.css"
    },
    {
      "type": "css",
      "file": "web.cordova/packages/arutune_bz-page-chat/client/browser/chat-id.less.css",
      "length": 5973,
      "offset": 0,
      "servePath": "/packages/arutune_bz-page-chat/client/browser/chat-id.less.css"
    },
    {
      "type": "css",
      "file": "web.cordova/packages/arutune_bz-page-chat/client/browser/page-chats.less.css",
      "length": 2182,
      "offset": 0,
      "servePath": "/packages/arutune_bz-page-chat/client/browser/page-chats.less.css"
    },
    {
      "type": "prelink",
      "file": "web.cordova/packages/arutune_bz-page-chat.js",
      "length": 111879,
      "offset": 0,
      "servePath": "/packages/arutune_bz-page-chat.js",
      "sourceMap": "web.cordova/packages/arutune_bz-page-chat.js.map"
    }
  ]
}